id,原始问题,改写问题
1,人体器官出售自己的身体器官算不算违法 ,出售自己的身体器官算不算违法呢
2,新手问题：挖药的工具好修吗，到哪修啊！ ,挖药的工具好修不？
3,想转人力资源行业，应考取何种证书？ ,转人力资源要考什么证书呢？
4,淘宝卖家保证金怎么交 ,如何交纳淘宝卖家的保证金
5,成吉思汗2是成吉思汗的后续么？ ,成吉思汗2是成吉思汗的后续嘛？
6,旗舰店是什么意思？ ,旗舰店的意思是什么？
7,华为荣耀3c红米手机哪个好 ,华为荣耀好还是红米手机好
8,银行如何决定存款利率和贷款利率？ ,银行怎么决定存款贷款利率呢
9,冒泡泡是什么意思呀 ,什么叫冒泡泡呀
10,扬子江省包括什么？ ,杨子江省都包括啥？
11,请问黄巨人在哪抓？ ,黄巨人在哪能抓到？
12,哪里能下载或者在线看孪生兄妹啊 ,孪生兄妹哪里能下载或者在线看啊
13,"想去旅游,在哪里可以找到志同道合的驴友 ",哪里能找到志同道合的驴友
14,美剧推荐？？ ,推荐下美剧
15,四大“喜”事儿都是什么？ ,四大“喜”事儿都是啥？
16,账号暂停交易怎么取消？ ,怎么取消账号暂停交易？
17,美国L1签证的优势？？ ,美国L1签证有什么优势？
18,一般人读完青华大学需要多少时间. ,读完清华大学一般人需要多长时间
19,对植物进行人工繁殖的方法有哪些？ ,人工繁殖植物的方法都有哪些？
20,推荐几支好股谢谢啦 ,推荐几只好的股票
21,如何鉴别纯棉休闲裤呢？ ,怎么鉴别纯棉休闲裤呢？
22,婚礼中的伴郎和伴娘的由来？ ,伴郎和伴娘的由来是什么？
23,广发银行DIY信用卡可以申请附属卡吗 ,广发银行DIY信用卡能申请附属卡吗
24,中老年人补钙用哪种比较好 ,中老年人怎么补钙比较好
25,音乐喷泉是怎样做成的! ,音乐喷泉是咋做的
26,网络工程师有多少几级别 ,网络工程师有几个级别
27,介绍几本好看的盗墓小说 ,请介绍几本好看的盗墓小说
28,人一般什么时候会停止生长？ ,一般什么时候人才会停止生长？
29,协警临时工通过什么关系能成正式警察 ,协警临时工如何转为正式警察
30,浙江长河到桐乡要多久？ ,浙江长河到桐乡需要多久？
31,什么叫绝对观念 ,绝对观念是什么意思
32,"""尾巴""这个词用英语怎么说？ ","""尾巴""用英语怎么说？ "
33,奥古斯塔球场在美国的那个州 ,奥古斯塔在美国哪个州？
34,地球诞生时地磁极与南北极重合吗 ,地球诞生时地磁极与南北极重合吗
35,中国男足世界排名最高是什么时候？第几？ ,中国男足世界排名最高是什么时候呢？
36,新浪微博徽章怎么领 ,新浪微博的徽章怎么领取
37,对数的底数和真数的取值范围是什么？ ,对数的底数和真数的取值范围是什么？
38,怎么重复说话啊？？？？ ,如何重复说话？
39,产后的妊娠纹何时可以消退? ,产后妊辰纹什么时候可以消退？
40,600186今天如何操作? ,600186今天怎么操作呢？
41,怎样选购双核处理器？ ,怎么选购双核处理器呢？
42,怎么样可以浪漫？（追女生中） ,怎么样可以浪漫？
43,古时的罗马位于现在的哪个国家？ ,古罗马在现在的哪个国家？
44,治疗肝炎的办法 ,有什么办法可以治疗肝炎
45,怎么才能申请达人？ ,如何才能申请大人？
46,猫会咬人么？与猫玩耍需要注意什么？ ,猫咪会咬人吗？
47,纽崔莱蛋白粉怎么样啊？效果如何呢 ,纽崔莱蛋白粉效果怎么样？
48,目前工行可以开展哪些托管业务？ ,工行目前可以开展哪些托管业务？
49,合肥到黄山要多少钱? ,合肥到黄山需要多少钱？
50,营养不良会不会造成排卵不正常？ ,排卵不正常会不会是营养不良造成的？
51,办公室里不宜谈论什么话题？ ,什么话题不宜在办公室里谈论？
52,周杰伦代言的mp3什么牌子 ,周杰伦代言的mp3是哪个牌子？
53,哪里可以弄博客啊，求解答！ ,博客在哪里可以弄？
54,卷是什么意思啊请高手指教 ,卷是什么意思呢？
55,怎么样才能同学处好关系如题 ,同学之间怎么样才能处好关系？
56,宝宝三个多月有枕秃怎么办啊 ,宝宝有枕秃怎么办
57,电脑老死机死机，反应慢 ,电脑老死机怎么办？
58,盾剑选什么光环 ,盾剑可以选什么光环
59,下载后会有病毒吗? ,下载后会有病毒吗
60,请评价一下玫琳凯的化妆品 ,玫琳凯的化妆品怎么样？
61,十四场足彩历史最低奖金是多少 ,十四场足彩历史最低奖金是多少 
62,能用手机注册内策吗?能吗? ,可以用手机注册内策吗？
63,婴儿腹胀怎么办 ,婴儿腹胀该怎么办呢？
64,IPO是什么意思 ,IPO指的是什么？
65,解决和平问题与发展问题的根本途径是什么 ,解决和平问题与发展问题的根本途径是什么 
66,治疗酒精依赖去哪里?介绍一下？ ,哪里可以治疗酒精依赖？
67,已经受理的商标，可以在户外广告上用吗 ,户外广告上可以用已经受理的商标吗？
68,压力容器图纸识图方法 ,压力容器图纸的识图方法是什么？ 
69,培训机构如何进行线上推广呢？ ,培训机构的线上推广是如何进行的？
70,乳酸脱氢酶444有问题吗？ ,乳酸脱氢酶444有问题吗？ 
71,有谁知道＜戚参将八音＞字典？ ,谁知道＜戚参将八音＞字典？ 
72,先天性白内障护理应注意哪些？ ,护理先天性白内障应该注意什么？
73,双核笔记本有什么好处呢/ ,双核笔记本有什么好处？
74,请问航海日志是什么东西 ,什么是航海日志？
75,公交车上遇到性骚扰怎么办? ,如果在公交车上遇到性骚扰该怎么办？
76,什么叫外汇敞口?请问什么是外汇敞口呢? ,外汇敝口是什么意思？
77,你最喜爱的中国男演员是谁? ,你最喜爱的中国男演员是谁？
78,如今哪些话题最热门如今哪此话题最热门 ,现在哪些话题最热门呢？
79,体感游戏浪费体力吗？ ,体感游戏浪费体力吗？
80,癫痫病主要表现哪些方面？ ,癫痫病的主要表现是什么？
81,机械专业的就业形式如何？ ,机械专业的就业形式如何？
82,数码长相机中的IS镜头是什么意思 ,数码长相机中的IS镜头是什么意思？
83,怎样去除脸上的的痘坑效果好？ ,怎样去处连上的痘坑效果比较好？
84,如何解聘员工？ ,怎样解聘员工？
85,学习西班牙语的技巧如题. ,学习西班牙语有什么技巧？
86,什么动物不用做事就有东西吃 ,什么动物不做事就有东西吃？
87,为什么要撤宵我的问题啊 ,为什么要撤销我的微博？
88,抽烟咳嗽怎么办 ,抽烟咳嗽怎么办？
89,我国气垫船的航速最快能达到多少节？ ,我国气垫船的航速最快能达到多少节？ 
90,中国近代第一部白话文小说？ ,中国近代第一部白话文小说叫什么？
91,蜂蜜怎么样吃可以减肥 ,怎么吃蜂蜜可以减肥？
92,尾盘突然下跌预示着什么？明天会怎样？ ,尾盘突然下跌预示着什么？
93,cc性能怎么样？ ,cc性能怎么样？ 
94,人为啥要吃饭？ ,人为什么要吃饭？
95,如何开发右脑?,右脑如何开发？
96,平时对轮胎内侧应怎样检查? ,平时应该怎么样检查轮胎内侧？
97,南昌离广州多远 ,广州离南昌有多远
98,尿检为弱阳性是不是可以认为是怀孕了？ ,尿检为弱阳性是否是怀孕了？
99,中国现役网球女选手中最厉害的是谁？ ,中国最厉害的现役网球女选手是谁？
100,如何让一个刺客变成铁匠 ,一个刺客如何变成铁匠？
101,豆江喝多了有益吗? ,豆浆喝多了有益处吗？
102,二手车有质保麽？ ,二手车有质保吗？
103,"欧米茄的表,为什么排名那么后面? ",欧米茄的表为什么排名那么靠后？
104,证券市场的功能及作用？ ,证券市场的功能及作用是什么？
105,性感还是可爱好？ ,性感好还是可爱好？
106,有什么歌是又容易唱又好听 ,有什么歌又好听又容易唱
107,人要是得了不治之症该怎么办？ ,人如果得了不治之症怎么办？
108,手机充电时间越长电池充的越满吗？ ,手机充电时间越长电池充的越满吗？
109,向我推荐几首好听的歌曲! ,推荐几首好听的歌曲
110,手机自动关机后开不了机怎么办[泪] ,手机自动关机后开不了机怎么办呢？
111,进口呼吸机的使用范围？ ,进口呼吸机的使用范围是什么？
112,地球是圆的吗？ ,地球是圆的吗？
113,有没有克服心理紧张的速效法 ,克服心理紧张的速效法是什么
114,怎样确定他是否爱我? ,如何确定他是否爱我？
115,怎样知道自己的银行卡帐号工商银行 ,怎么知道自己的银行卡账号？
116,专家型顾问与咨询型顾问有什么区别？ ,专家型顾问与咨询型顾问有什么区别？ 
117,六神无主中的六神是指什么如题 ,六神无主的六神是指什么？
118,如何画手绘?手绘 ,手绘怎么画？
119,谁是百兽之王？ ,百兽之王指的是谁？
120,上课想睡觉怎么办？ ,上课想睡觉怎么办？
121,“才自精明志自高”是谁的判词？ ,“才自精明志自高”是谁的判词？ 
122,《恋上你的滋味》歌词谢谢 ,《恋上你的滋味》歌词是什么？
123,怎么来选择合适的吸油烟机呀？！ ,如何选择合适的吸油烟机？
124,国际版有双开吗？ ,国际版是否有双开？
125,高精度激光测距传感器的精度能达到多少？ ,高精度激光测距传感器的精度能达到多少？ 
126,如何护理重叠综合征患者 ,怎么护理重叠综合症患者？
127,你想知道雨来自哪里，可以问什么 ,雨来自哪里？
128,什么是第三类接触？那第一类和第二类呢？ ,第三类接触是什么意思？
129,如何查看win8电脑已安装程序 ,如何查看win8电脑已安装程序 
130,早上空腹吃水果好吗? ,早上空腹吃水果对身体好吗？
131,我想知道，白内障与环境因素有无关系?　 ,白内障和环境因素有没有关系？
132,最坚固的锁怕什么? ,最坚固的锁怕什么东西？
133,结婚为了什么？ ,为了什么结婚？
134,板栗的花是什么颜色的？什么样的？ ,板栗的花是那种颜色的？
135,如何治疗猫流口水，。 ,猫流口水怎么办？
136,你喜欢吃什么？是肉就行 ,你喜欢吃什么？
137,嘴角有皱纹怎么办？ ,嘴角有皱纹该怎么办？
138,如果你女朋友不愿意吃饭你怎么办？ ,女朋友不愿意吃饭怎么办？
139,第一部国防法是何时颁布的 ,什么时候颁布的第一部国防法？
140,ems郑州从站点出发什么意思 ,从站点出发是什么意思？
141,巴萨也落后了！足彩为啥不选？？ ,为什么足球不选？
142,怎样在QQ空间中添加视频？ ,如何在QQ空间中添加视频？
143,手机开不开机怎么个情况？ ,为什么手机开不开机？
144,斯坦威是最好的钢琴吗？ ,最好的钢琴师斯坦威吗？
145,英语题谁会? ,谁会英语题？
146,买什么木材做实木家具好？ ,做实木家具买什么木材好？
147,5元的人民币有水印吗？谁注意了没有？ ,5元的人民币有水印嘛？
148,会有天长地久的爱情吗？ ,爱情有天长地久的吗？
149,什么样的朋友交不得？ ,什么样的朋友交不得？
150,变频空调能否省电 ,变频空调能不能省电？
151,躺尸剑法是哪部小说中的？ ,哪部小说中有躺尸剑法？
152,半岁婴儿生湿疹能打针吗? ,半岁婴儿生湿疹能打针吗? 
153,爽肤水哪个牌子的好有经验的推荐下 ,哪个牌子的爽肤水比较好？
154,武汉有什么好吃的。 ,武汉有什么好吃的？
155,亓：什么意思？怎么念？ ,亓是什么意思？
156,怎样收电报？ ,如何收电报？
157,我家的电热水壶发热器为什么总是坏？ ,电热水壶发热器为什么总是坏？
158,专家是什么家? ,专家是什么家？
159,巨蟹座男生对感情专一吗？ ,巨蟹座男生对感情是否专一？
160,治疗羊羔疯的最好药物是什么？ ,什么药物治疗羊羔疯最好？
161,宝宝上火能喝蜂蜜吗 ,宝宝上火能喝蜂蜜吗？
162,要怎样操作才能实现双开？ ,实现双开要怎样操作？
163,怎样开通GPRS无线上网功能? ,如何开通无限上网功能？
164,求推荐，密云两日游攻略 ,密云两日游攻略怎么做？
165,科举制度是什么时候废除的？ ,什么时候废除的科举制度？
166,巴西站阿隆索取得成功的理论是什么? ,巴西站阿隆索取得成功的理论是什么? 
167,天上为什么这么多星星 ,为什么这么多星星在天上？
168,姓氏“官”的起源是什么？ ,姓氏“官”的起源是什么？ 
169,欧洲杯你支持哪支球队？ ,欧洲杯你支持哪支球队？ 
170,糖尿病引起的白内障怎么治疗？ ,如何治疗糖尿病引起的白内障？ 
171,正常人都不爱喝的是什么 ,正常人都不爱喝的是什么 
172,这两天右眼皮一直跳，介是怎么回事？ ,右眼皮一直跳是怎么回事？
173,黄浦区哪里有衬衫批发市场 ,黄浦区哪里有衬衫批发市场 
174,万能的微博，如果收到恐吓电话该怎么办？ ,收到恐吓电话该怎么办？
175,哪种电子狗最好？？？ ,哪种电子狗最好？
176,香港人能看到中央电视台的节目吗？如题 ,香港能看到中央电视台的节目嘛？
177,我买的奶酪发苦是什么原因？正常吗 ,为什么买的奶酪发苦？
178,打造熟练度如何快速提高熟练度？ ,如何快速提高熟练度？
179,口碑互动公司的核心优势是什么？ ,什么是公司的核心优势？
180,怎样才能和女朋友相处融洽 ,怎样才能和女朋友相处融洽 
181,F1一支车队有多少预算？ ,F1一支车队有多少预算？ 
182,肾虚会导致尿频吗 ,肾虚会导致尿频吗 
183,《李小龙传奇》里有架打的是哪几集？ ,《李小龙传奇》里哪几集有架打？ 
184,"为什么我的硬盘只有C盘,其他盘符没有了 ",为什么硬盘只有C盘
185,芬兰海军舰艇现状及其性能 ,芬兰海军舰艇现状及其性能是什么？
186,怎么扔掉低级宠物啊? ,如何扔掉低级宠物？
187,工行有6年期的美元理财产品吗？ ,工行有6年期的美元理财产品吗？ 
188,北京做烤瓷牙需要多久，哪家好 ,做烤瓷牙需要多久？
189,火影下忍中最强的女忍者是谁? ,火影下忍中最强的女忍者是谁? 
190,怎么折鸵鸟？怎么把千纸鹤折成鸵鸟？ ,如何吧千纸鹤折成鸵鸟？
191,建安七子怎么记记得牢 ,如何记得牢建安七子
192,什么化妆品对面美白效果好 ,什么化妆品对面美白效果好 
193,怎样向孩子解释社会阴暗面? ,如何和孩子解释社会阴暗面？
194,奇瑞E3出厂配的是什么牌子的轮胎？ ,奇瑞出厂配什么牌子的轮胎？
195,厨房地面用什么颜色的瓷砖比较美观适合？ ,厨房地面用什么颜色的瓷砖比较美观适合？ 
196,地球到太阳的距离会越来越近吗？ ,地球到太阳的距离会越来越近吗？ 
197,6998平台是干什么的？ ,6998平台是干嘛的？
198,"人体有多少穴道?个是什么,有什么作用? ",人体有多少个穴道？
199,那里可以看到免费看电影斗鱼 ,哪里可以免费看电影？
200,有什么好看的电视剧推荐一下？ ,推荐一下有什么电视剧好看？
201,火箭炮音响是继往开来的新品么？ ,火箭炮音响是新品么？
202,交换机到底工作在第几层？ ,交换机在第几层工作？
203,CEO是什么意思? ,CEO是什么意思? 
204,下辈子不要做男人有选择吗？ ,下辈子可以不做男人嘛？
205,社保缴费的多少记入个人帐户? ,社保缴费是记入个人帐户嘛? 
206,智商最高的人是谁 ,谁是智商最高的人？
207,桃树开花期虫子多怎么办 ,桃树开花期虫子多怎么办 
208,电信双模双卡手机移动信号会不会好？ ,电信双模双卡手机移动信号会不会好？ 
209,显示那种颜色最耗损电脑液晶屏幕？ ,哪种颜色最耗损电脑液晶屏幕？
210,现在银行活期和货币基金那个收益好? ,银行活期和货币基金哪个收益好？
211,魔力以后能少多少玩家？ ,魔力以后能少多少玩家？ 
212,怎么能钓到红色鲤鱼哦? ,如何钓到红色鲤鱼？
213,本本，青岛有啥好玩的推荐一下 ,青岛有什么好玩的？
214,单身好还是有女友好/ ,单身好还是有女友好？
215,人之常情哪些 ,哪些是人之常情？
216,不定期清洗空调，对空调有什么危害 ,不定期清洗空调有什么危害？
217,为什么日光灯在刚打开时会不停的闪？ ,为什么日光灯在刚打开时会不停的闪？ 
218,有什么学习网页设计的网站或论坛? ,有什么网站可以学习网页设计？
219,吃什么东西会让肾衰竭加速 ,吃什么东西会让肾衰竭加速 
220,想入佛门清修，不知何处可容？ ,哪里可以入佛门清修？
221,美国电源美国的工业电源制式 ,美国的工业电源制式是什么？
222,哪些东西是补血的??? ,哪些东西可以补血？
223,容易得到的爱情是不是就不会长久? ,容易得到的爱情是不是就不会长久? 
224,在东京商城买东西怎么联系卖家？ ,在京东商城买东西如何联系卖家？
225,突然觉得自己不喜欢与人说话了是怎么回事 ,为什么突然觉得自己不喜欢和别人说话了？
226,下载的电影如何加入字幕 ,如何在下载的电影里加入字幕？
227,号被盗了~郁闷的很~ ,号被盗了怎么办？
228,三棱锥侧面两两垂直的性质 ,三棱锥侧面两两垂直的性质是什么？ 
229,地下停车位收费有标准吗 ,地下停车位有收费标准嘛？
230,攒不住钱怎么办？ ,攒不住钱怎么办？
231,武林外传的帐号怎么申请 ,如何申请武林外传的账号？
232,一年来反复起痘痘，发红，不痒。 ,反复起痘痘怎么办？
233,元宵节的来历 ,元宵节的来历是什么？
234,动画中的一帧是什么意思 ,动画中的一帧是什么意思 
235,洗衣机，买什么样的洗衣机性价比高？ ,什么样的洗衣机性价比高？
236,怎么查看电脑配置玩剑灵 ,如何查看电脑配置？
237,台湾哪些地方卖的衣服好看``` ,台湾哪些地方卖的衣服好看？
238,慢化剂和冷却剂的作用？ ,慢化剂和冷却剂的作用是什么？ 
239,网上买电脑安全吗 ,在网上买电脑安全嘛？
240,都来看看什么动物最爱迷路？ ,什么动物最爱迷路？
241,"魔兽公测了,还有多少人支持魔力? ",现在还有多少人支持魔兽？
242,台湾哪个明星唱歌最红台湾唱歌女明星最红 ,台湾哪个明星唱歌最红？
243,财富通帐号支付密码忘记怎么办〈急〉 ,财付通支付密码忘记怎么办？
244,什么是顺耳之年 ,顺耳之年是什么意思
245,李涯代号为什么叫“佛龛”？ ,李涯代号为什么叫“佛龛”？ 
246,股权置换即置换股权？ ,股权置换是置换股权嘛？
247,L1试驾活动在哪里呢？观望没找到啊、 ,哪里有试驾活动？
248,米色风衣配里面配什么颜色的高领毛衣好呢 ,米色风衣配什么颜色的高领毛衣好？
249,到地什么时候公册 ,什么时候公册？
250,学习影视后期制作难学吗我比较笨 ,影视后期制作难学嘛？
251,作表格用什么软件？那里下载？ ,哪个软件可以做表格？
252,狼群用英语怎麽说 ,狼群用英语怎么说
253,成年腊肠犬属于小型犬还是中型的 ,成年腊肠犬属于小型犬嘛？
254,什么时候可以看到梅花啊? ,什么时候可以看到梅花？
255,“只招英语语种考生”是什么意思？ ,“只招英语语种考生”是什么意思？ 
256,国庆期间有没有新出什么歌曲？ ,国庆期间有没有新出什么歌曲？ 
257,怎么才能查到被谁悄悄关注？ ,如何可以查到被谁悄悄关注？ 
258,新浪积分如何兑换成爱问积分？ ,新浪积分如何兑换成爱问积分？ 
259,羽毛球的边界问题 ,羽毛球的边界问题是什么？
260,"新手买主机硬件,应该注意什么? ",新手买主机应该注意什么？
261,滑膜炎的治疗药物中，什么是最有效的？ ,治疗滑膜炎的药物中什么最有效？
262,在网上能下载游戏吗 ,网上可以下载游戏嘛？
263,请问中国的国花是什么？ ,中国的国花是啥？
264,士官退伍能拿多少钱？ ,士官退伍会拿多少钱？
265,现在有古代的信鸽吗？真的有那么神奇吗 ,现在还有古代的信鸽嘛？
266,给爱情下个定义什么是爱情？ ,什么是爱情？
267,请问迅雷的连接数有什么用？？如下图 ,迅雷的连接数有什么作用？
268,宝宝腹泻吃什么！ ,宝宝腹泻该吃什么药呢？
269,中兴手机好用吗 ,中兴手机好用吗？
270,手机内存卡可以从互联网上下载的电影吗？ ,手机内存卡可以下载电影嘛？
271,自考一定要在户口本地考吗？ ,自考一定要在户口本地考吗？
272,怎么取消锁定账号？在线等，速度 ,如何取消锁定账号？
273,怎么才能删除里面的文章啊！~ ,如何删除里面的文章？
274,如何才能知道H股的价格？ ,如何才能知道H股的价格？ 
275,魔动王主题曲叫什么？我要歌名 ,魔动王主题曲叫什么？
276,为什么称自己的孩子为犬子？ ,为什么把自己的孩子叫犬子？
277,怎样使初中学生学习积极? ,如何让初中学生学习积极？
278,女人怎样做才可以获得真正的爱情? ,女人怎样做才可以获得真正的爱情? 
279,生孩子怎么样才能没有疤痕？ ,生孩子怎么样才能没有疤痕？ 
280,"苦瓜那么苦,为什么我爱吃?如题. ",为什么爱吃苦瓜？
281,若汉献帝落到刘备手里，他的命运将如何? ,如果汉献帝落到刘备手里会怎么样？
282,陶器的起源 ,陶器的起源是什么
283,双氧水是酸性还是碱性？ ,双氧水是酸性还是碱性的？
284,在糖水中加少量盐，尝起来会怎样？ ,在糖水中加少量盐尝起来怎么样？
285,会计证到期未年检会不会作废？ ,会计证到期未年检会不会作废？ 
286,商家同一商品标价不一 ,商家是同一个但是商品标价不一样怎么办？
287,芬尼热水器是一体式还是分体式啊？ ,芬尼热水器是一体式还是分体式？ 
288,为什么看电脑时不宜戴隐形眼镜? ,看电脑时为什么不宜戴隐形眼镜? 
289,英语专业的学生考研方向是什么呢？ ,英语专业的考研方向是什么？
290,支原体阳性用什么药 ,支原体阳性用什么药？
291,“丰速之城”好玩吗？ ,“丰速之城”好玩吗？ 
292,什么是压铜接线端子照明工程中的问题 ,什么是亚铜接线？
293,手脚为什么会掉皮脚和手也一样 ,手脚为什么会掉皮？
294,怎么样做一个优秀的保险代理人 ,如何做一个优秀的保险代理人？
295,怎么解除黑名单功能不好用 ,如何解除黑名单？
296,中国现代有写作最利害的有那几位? ,中国现代写作最厉害的有谁？
297,内地的轩5豪华版价格多少？赠品有那些？ ,内地的轩5豪华版价格是多少？
298,血为什么浓于水？ ,血为什么会浓于水
299,CNNIC中文上网官方版怎样删? ,CNNIC中文上网官方版怎样删? 
300,一氧化硫在化学里怎么写？ ,怎么写一氧化硫？
301,脑筋急转变什么时候四减三会等于五 ,什么适合四减三等于五？
302,用手不释卷造句 ,用手不释卷造句？
303,怎么申请微博达人 ,如何申请微博达人？
304,绿豆为什么会长虫？ ,绿豆为什么会长虫子？
305,如何修改用户名 ,如何修改用户名？
306,乔丹为什么在空中停留时间达2.8秒？ ,乔丹为什么在空中停留时间达2.8秒？ 
307,欧冠16强当中有几只俄罗斯球队？ ,欧冠16强当中有几只俄罗斯球队？ 
308,找到我的爱情？要有爱心， ,如何找到我的爱情？
309,什么是不转让债券? ,不转让债券是什么？
310,如何轻松学会判断经济数据 ,如何轻松学会判断经济数据 
311,请问大家眼球震颤性弱视是不是很严重的？ ,眼球震颤性弱视是不是很严重？
312,信用卡的外观都包括哪些内容？ ,信用卡的外观都包括哪些？ 
313,什么是科学发展观 ,科学发展观是什么
314,杭州上城区有哪些菜场 ,杭州上城区有哪些菜场 
315,华东野战军十一纵政委是谁 ,华东野战军十一纵政委是谁 
316,谁知道二次入伍的规定啊?谢谢了 ,二次入伍有什么规定？
317,篮球游戏怎么玩？ ,怎么玩篮球游戏？
318,纯绵布涂层成分是什么 ,纯棉布涂层的成分是什么？
319,RT颈箍有什么作用 ,颈箍的作用是什么？
320,青藏铁路经过什么自然保护区？ ,青藏铁路经过哪个自然保护区？ 
321,中国第一部过亿的电影是哪部有人知道吗？ ,中国第一部过亿的电影是谁？
322,右后卫和右边后卫差别 ,右后卫和右边后卫有什么区别？
323,南京大学生命科学学院录取分数 ,南京大学生命科学学院录取分数是多少？
324,国产五联疫苗预防那些病？ ,哪些病能被国产五联疫苗预防？
325,2G和3G卡有什么不一样吗？ ,2G和3G卡有什么区别？
326,治哮喘很快就见效的药有哪些 ,见效快的治哮喘药有哪些？
327,那个网站订机票比较便宜？谢谢 ,订机票用哪个网站比较便宜？
328,一个半月的婴儿有一天不怎么哭闹正常码 ,婴儿不怎么哭闹正常吗？
329,婴儿用哪种纸尿裤好？ ,婴儿适合用哪种纸尿裤
330,郑州专家介绍什么情况下容易的癫痫 ,什么情况下容易得癫痫？
331,怎么看博客的访客量？ ,如何看博客的访客量？
332,你觉得生活中最不能缺少什么? ,生活中最不能缺少什么？
333,AK47是哪国造的，哪一年的？ ,AK47是哪个国家造的？
334,有什么办法可以消气呢！ ,有什么办法可以消气？
335,w7电脑硬盘怎样分区 ,电脑硬盘怎样分区呢？
336,请问新手序列号怎么弄啊？ ,如何做新手序列号？
337,怎么把搜狗输入法设置为默认输入法 ,如何把搜狗输入法设置为默认输入法？
338,浅粉红色的裤子配什么颜色的上衣好呢？ ,浅粉红色的裤子配什么颜色的上衣好呢？ 
339,要有一天的好心情用英语怎么说？ ,要有一天的好心情用英语怎么说？ 
340,农行哪个基金好？ ,农行哪个基金好？ 
341,怎么样营造家庭气氛呢 ,如何营造家庭气氛？
342,如何修改呢称 ,怎么修改昵称？
343,硬盘哪家的质量更好？？？ ,哪家硬盘的质量更好？
344,“给”是动词还是介词？ ,“给”是动词还是介词？ 
345,医生肝炎会传染吗 ,肝炎会传染吗？
346,本票，汇票，支票有何区别？ ,本票、汇票、支票有什么区别？
347,波段操作怎么做？？？？？？？ ,波段操作该怎么办？
348,鲁迅日记中的戌午年是哪一年 ,鲁迅日记中的戌午年是哪一年 
349,软件是怎么做的，原理是什么？ ,软件是怎么做的呢？
350,怎么委婉的表白 ,如何委婉的表白
351,宝宝鼻子不通怎么回事？向@育儿专家,宝宝鼻子不通是为什么？
352,清炒虾仁?虾仁怎么烧才能个大雪白? ,清炒虾仁怎么做？
353,社会保险停交一年后如何续交？ ,社会保险停交一年后如何续交？ 
354,美国宪法规定总统有解散国会的权利吗? ,美国宪法规定总统有解散国会的权利吗? 
355,福彩3d的试机号和中奖号有什么关系？ ,福彩3d的试机号和中奖号有什么关系？ 
356,如何控制自己不赌博！ ,怎么样控制自己不赌博？
357,什么样的中介可靠？ ,什么样的中介可靠？ 
358,登陆异常？无法登陆？ ,登录异常该怎么办？
359,语法问题7请写出判断依据 ,如何判断语法问题？
360,我的会员是怎么开通的 ,如何开通会员？
361,如果做冰点脱毛，那脱毛效果如何？ ,冰点脱毛的效果怎么样？
362,刮莎和针灸能治好腰椎间盘突出吗? ,刮莎和针灸能治好腰椎间盘突出吗? 
363,哪天是离婚的好日子？ ,哪天是离婚的好日子？ 
364,什么牌子的鼠标比较好？罗技？ ,哪个牌子的鼠标比较好？
365,请问我没有赶上火车，车票还可以退嘛？ ,没有赶上火车可以退票吗？
366,你最爱的人是谁？ ,你最爱的人是谁？
367,世界杯最佳新人竞猜？谁？ ,世界杯最佳新人是谁？
368,学生头屑很多而且脱发很厉害怎么办？ ,头屑很多脱发很厉害怎么办？
369,拍子的强弱什么意思 ,拍子的强弱分别表示什么意思
370,齐达内的妻子叫什么名字? ,齐达内的妻子叫什么？
371,请问上周热点股票有那些？谢谢 ,哪些是上周热点股票？
372,丝绸之路的起点? ,哪里是丝绸之路的起点？
373,什么叫排查？ ,排查是什么意思？
374,药检局　和　药检所　有何区别 ,药检局和药检所的区别是什么？
375,早上起来口酸是怎么回事 ,早上起来为什么会口酸呢
376,l升等于多少斤？请问：1升等于多少斤？ ,1升等于多少斤？
377,绩效工资是不是每半年算一次？ ,是不是每半年算一次绩效工资？
378,《世界人权宣言》中包含哪两类人权？ ,《世界人权宣言》中包含哪两类人权？ 
379,为什么称韩国日本的饭店叫做“料理”？ ,韩国日本的饭店为什么叫料理？
380,人在什么时候是最害怕的是什么 ,人在什么时候最害怕
381,京剧中的黑脸或红脸分别代表什么？ ,京剧中的黑脸和红脸分别代表什么？
382,两肺纹理增粗什么意思 ,两肺纹理增粗是什么意思？
383,伦敦奥运会点燃火炬的五个小孩是谁？ ,伦敦奥运会点燃火炬的五个小孩是谁？ 
384,葡萄酒为什么要用木制的瓶塞 ,葡萄酒的瓶塞为什么要用木制的？
385,十一岁的女孩应该看什么书？ ,十一岁的女孩应该看什么书？ 
386,男人对女人若即若离会怎样做? ,男人如何对女人若即若离? 
387,南京机场在哪里 ,南京的机场在哪里
388,进项发票网上如何验证？ ,如何在网上验证进项发票？
389,猜谜＜黄昏前后＞猜一个字 ,黄昏前后猜一个字？
390,如何抗皱？用什么产品抗皱效果好？ ,如何抗皱？
391,装修油烟机大概要多少钱？ ,装修油烟机大概需要多少钱？
392,地铁边买房好不好? ,在地铁旁边买房好不好？
393,描写英雄人物的四字词有那些? ,有哪些四字词是描写英雄人物的？
394,怎么样可以早睡早起求解 ,如何可以早睡早起？
395,男人应该怎么克服因为不帅带来的自卑呢？ ,男人如何克服因为不帅带来的自卑感？
396,友情链接怎么弄? ,如何做友情链接？
397,公司开具增值税普通发票要纳增值税吗？ ,公司开具增值税普通发票要纳增值税吗？ 
398,使用蓝牙的手机很费电吗？ ,用蓝牙的手机费电吗？
399,国内银行资本充足率有何硬性规定？ ,国内银行资本充足率有什么硬性规定？ 
400,狮子座都很霸道吗？ ,狮子座都很霸道吗？
401,世界末日是什么时候会真的有世界末日吗 ,现实中真的有世界末日吗
402,年会前放什么样的音乐 ,年会前应该放什么音乐？
403,新浪积分怎么查？新浪邮箱积分 ,怎么查新浪积分？
404,认股权证基金对个人投资者开放吗 ,认股权证基金对个人投资者开放吗 
405,怎么把照片传到百度上传到百度图片里 ,如何把照片传到百度上？
406,什么是魔幻现实主义？ ,魔幻现实主义是什么？
407,怎么做化妆品专柜小姐 ,如何做化妆品专柜小姐？
408,女生报考数学与应用数学专业如何 ,女生报考数学与应用数学怎么样？
409,常见的气体干燥剂有哪些 ,常见的气体干燥剂都有什么
410,小腹疼痛会是什么病（男） ,小腹疼痛是什么病
411,小孩子生病怎么哄骗都不肯吃药怎么办？ ,小孩子生病不肯吃药怎么办？
412,2尺8和2尺7误差是多少厘米 ,2尺8和2尺7误差是多少厘米 
413,推荐一些好的数码照相机性价比好 ,请推荐一些性价比好的数码相机？
414,谁杀梁山好汉最多?是石宝吗? ,谁杀梁山好汉最多？
415,反猛和力猛哪个好？优点在哪？缺点在哪？ ,反猛和力猛哪个好呢？
416,请问抑郁症好治吗能否根治谢谢 ,抑郁症好治吗
417,办真建筑工程师证如何办? ,如何办理建筑工程师证？
418,花的问题康乃馨多贵啊有啥用啊？ ,康乃馨有多贵？
419,地图导航快捷是什么啊？ ,什么是地图导航快捷？
420,怎么才能注册帐号？什么时候能解决啊？？ ,如何注册账号？
421,怎样注销微博 ,怎么注销微博
422,大宝眼霜的效果好吗 ,大宝眼霜的效果怎么样？
423,河南开封的日照间距系数? ,河南开封的日照间距系数是多少？
424,怎么激活邮箱如题最好能一步一步来 ,如何激活邮箱？
425,电视机用网线看直播为什么老是卡 ,为什么在电视上用网线看直播总是卡？
426,侠义道2真气有什么用？ ,侠义道2里的真气能干嘛？
427,我们的身高用什么单位？ ,身高应该用什么单位？
428,目前都有哪些国家的飞船成功上天了？ ,目前成功上天的飞船都是哪些国家的？
429,上网聊天有什么好处和害处? ,上网聊天有什么好处有什么坏处？
430,孙燕姿的老公叫什么 ,孙燕姿的老公叫什么？
431,男人是不是很喜欢说谎啊？为什么？ ,男人是不是很喜欢说谎？
432,沙鹰加普通弹能不能打穿防弹衣 ,防弹衣能不能被沙鹰加普通弹打穿？
433,结婚后，能否还可以初恋情人联系？ ,结婚后是否还可以和初恋情人联系？
434,爱得太无奈太累为什么爱那么累呢 ,为什么爱那么累呢？
435,为什么牛奶不宜与巧克力同时食用 ,牛奶和巧克力为什么不宜同时食用？
436,如何在新浪博客中添加友情链接？ ,如何在新浪博客中添加友情链接？ 
437,是不是所有的女人现在结婚都要有房子啊 ,是不是所有的女人结婚都要有房子？
438,硅钨酸是什么 ,什么是硅钨酸？
439,现在的人傻一些好？还是聪明一些好？ ,现在的人傻一些好还是聪明一些好？
440,怎么注销博客? ,博客怎么注销？
441,中国五大经济特区的哪呢？ ,哪里是中国五大经济特区？
442,QQ网络硬盘里的东西怎么删除不了？ ,为什么删除不了qq网络硬盘里的东西？
443,QQ网络硬盘密码如何设置和取消 ,如何设置取消qq网络硬盘密码？
444,耳朵里面痛怎么回事？ ,耳朵里痛该怎么办
445,感觉苦闷大家怎样看/ ,感觉苦闷该怎么办
446,历史上的皇帝发布过罪己诏吗？ ,历史上的皇帝发布过罪己诏吗？ 
447,求中国福彩双色球的官网 ,中国福彩双色球的官网是哪个？
448,冬季，室内有小苍蝇，这是怎么造成的 ,为什么冬天室内有小苍蝇？
449,怎样治疗白斑 ,如何治疗白斑？
450,怎么快速清除瓷砖上的蜡 ,如何快速清除瓷砖上的蜡？
451,怎样查每日资金流入量大的股票？ ,如何查询每日资金流入量大的股票？
452,两个月的宝宝三天没有大便是啥原因 ,为什么两个月的宝宝三天没有大便？
453,网游小说好看的.要完本..精品.. ,有什么完本的网游小说比较好看/
454,请问博主，你喜欢哪个歌手？为什么喜欢？ ,你喜欢哪个歌手？
455,校内怎么设置留言条数？高手指教 ,如何设置留言条数？
456,船用挂浆机是什么？有什么作用？ ,船用挂浆机有什么作用？
457,为何结婚后男女都爱发胖？ ,为何男女在结婚后都爱发胖？
458,面对海啸我们可以做些什么 ,我们在面对海啸的时候可以做些什么？
459,有什么好看的综艺节目? ,什么综艺节目比较好看？
460,平均坐多少小时飞机才会遇上一次空难？ ,平均坐多少小时飞机才会遇上一次空难？ 
461,‘投其所好’是沟通的技巧吗？ ,‘投其所好’是沟通的技巧吗？ 
462,靠玩游戏赚到钱靠谱吗 ,赚钱靠玩游戏靠谱吗？
463,用什么方式接吻最好？ ,接吻用什么方式最好？
464,郑州开封信阳这三地儿哪个更好点儿 ,郑州开封信阳哪个地方好？
465,献血后咳嗽~~~急 ,献血后咳嗽怎么办？
466,什么是抵押品? ,抵押品是指什么？
467,银镯子上的黑色氧化有什么办法去除吗？ ,有什么办法可以去除银镯子上的黑色氧化？
468,美版苹果5S可以用指纹解锁吗 ,美版苹果5S可以用指纹解锁吗 
469,鸿鹄与大雁、天鹅的异同？ ,鸿鹄与大雁、天鹅有什么异同？
470,考教师资格证需考那几门课程？谢谢了。 ,教师资格证需要考哪几门课程？
471,儿童青少年缺铁会导致什么样的结果 ,青少年缺铁会有什么后果？
472,迅雷能下载BT文件吗？ ,迅雷可以下载BT文件吗？
473,新手如何快速轻松地赚钱?高手们帮帮忙 ,新手如何快速轻松地赚钱？
474,哈雷慧星为何光临地球？ ,哈雷慧星为何光临地球？
475,空中预警飞机为什么要背着大圆盘 ,空中预警飞机为什么要背着大圆盘
476,想做网络优化的整理，怎么做呢？ ,网络优化的整理怎么做？
477,会计怎么回事会计的种类，都包括什么。 ,会计的种类都包括什么？
478,请问？SWF文件如何打开 ,SWF文件怎么打开？
479,音箱分嵌入式音响和什么音响 ,音箱分嵌入式音响和什么音响 
480,我怎么不能写邮件？ ,我为什么不能写邮件？
481,怎样对心爱的人表白？要很打动人的方式？ ,如何对心爱的人表白？
482,考研复试英语听力如何准备 ,如何准备考研复试英语听力？
483,硫化锌的特性 ,硫化锌有什么特性？
484,有水果生长在地里的吗? ,水果有生长在地里的吗？
485,微博勋章和军人勋章有什么不同?lisa ,军人勋章和微博勋章有什么不同？
486,如何制作简单的网页? ,如何制作简单的网页? 
487,入籍和得到绿卡的区别 ,入籍和绿卡有什么区别？
488,"""大智若愚""是谁说的? ",是谁说的"大智若愚"？
489,现在初学者可以直接考B2驾驶证吗 ,初学者可以直接考B2驾驶证吗？
490,蒸汽机的工作原理 ,蒸汽机的工作原理是什么？
491,人早上起来先睁开哪只眼睛 ,人早上起来先睁开哪只眼睛 
492,药店的天麻可以怎么个吃法？ ,药店的天麻可以怎么个吃法？ 
493,前胸后背长痘痘 ,前胸后背长痘痘该怎么办呢？
494,"一日不见,如隔三秋,三秋指多长时间啊 ",一日不见如隔三秋中的三秋指多长时间？
495,苦瓜要怎样做好吃而且不苦？ ,怎样做苦瓜好吃而且不苦？
496,电热水壶用那个方法可以去异味? ,电热水壶如何去异味？
497,爱要怎么说出口？ ,爱要怎么说出口？ 
498,日落半林中打一字~！我找最贴切的 ,日落半林中打一字
499,处理银行不良资产的公司有那些? ,处理银行不良资产的公司有那些? 
500,潜艇是什么材料制成的？ ,潜艇是用什么材料制成的？
501,生物存在的必要条件有哪些？ ,哪些是生物存在的必要条件？
502,虽万千人吾向往矣这句话出自哪里? ,虽万千人吾向往矣这句话出自哪里? 
503,用测孕纸怎么样看排卵期?(在线等哦) ,怎么样用测孕纸看排卵期？
504,现金支票的背面也要盖财务章和人名章吗? ,现金支票的背面也要盖财务章和人名章吗? 
505,在电脑旁边，放什么花卉防辐射？ ,电脑旁边放什么花卉可以防辐射？
506,一个商场除了信誉售货诚信还需要什么 ,商城除了售货诚信还需要什么？
507,大蒜怎样吃药用价值才高 ,怎样吃大蒜药用价值才高？
508,酒糟鼻可以用什么药治疗呢？ ,什么药可以治疗酒精鼻呢？
509,孕期高血糖是不是糖尿病 ,孕期高血糖是糖尿病吗？
510,双核电脑是否需要用多核电源？ ,双核电脑是否需要用多核电源？ 
511,宝宝头上、脸上长湿疹很长时间了怎么办、 ,宝宝头上长湿疹怎么办？
512,曾子之妻之市中的之与市各是什么意思 ,曾子之妻之市中的之与市各是什么意思 
513,谁能说说外阴白斑和年龄有关系吗？ ,外阴白斑和年龄有关系吗？
514,一个品牌的发展，靠的是什么？ ,一个品牌的发展靠的是什么？
515,抢白是什么意思？ ,抢白是什么意思？
516,清明节是兴起几？几号？ ,清明节是什么时候？
517,单反拍夜景一定要用三脚架吗？ ,单反拍夜景一定要用三脚架吗？ 
518,高转速能清洗积碳吗? ,积碳能高转速清洗吗？
519,枭龙是不是现在我国最好的战斗机 ,枭龙现在是我国最好的战斗机吗？
520,县人大主任是什么级别啊?多谢 ,县人大主任是什么级别呢？
521,孕前和孕后吃爱乐维都是一天一片吗？ ,孕前和孕后吃爱乐维都是一天一片吗？ 
522,石家庄二环有多长？一圈有多少公里？ ,石家庄二环有多长呢？
523,"买房子需要注意哪些证件？, ",买房子需要注意哪些证件？
524,事业和爱情孰轻孰重? ,爱情和事业孰轻孰重？
525,做事最省力的办法是什么 ,什么是做事最省力的办法
526,一岁的孩子没有自主意识怎么办 ,一岁的孩子没有自主意识该怎么办？
527,有些主板不兼容DVD光驱是不是？ ,有些主板是否不兼容DVD光驱？
528,谁能告诉我‘父约圆月’什么意思 ,‘父约圆月’是什么意思？
529,孩子自律性不好，我该怎么引导呢 ,孩子自律性不好该如何引导？
530,什么是双宫茧桑蚕丝？ ,双宫茧桑蚕丝是什么？ 
531,土壤板结怎样改良 ,怎样改良土壤板结？
532,如何治疗心理性尿等待？ ,心理性尿等待如何治疗？ 
533,瘦脸.急如何在短时间内迅速瘦脸? ,如何在短时间内迅速瘦脸？
534,为什么我努力耐心回答分数底? ,为什么我努力耐心回答分数还是低? 
535,想转移注意力应该怎么办，做些什么？ ,想转移注意力应该做些什么？
536,怎样做好一个学校元旦主持人 ,如何才能做好一个学校元旦主持人？
537,纳税调整是什么概念? ,纳税调整是什么意思？
538,司机进汽车后第一件事是什么？ ,司机进汽车后第一件事是什么？ 
539,当兵的什么时候可以回家探亲 ,当兵的什么时候可以回家探亲 
540,"""起草""是什么意思? ",什么是"起草"？
541,工行的银行卡相比华夏银行有什么优势? ,工行的银行卡相比华夏银行有什么优势? 
542,八月北京都有哪些话剧演出？ ,北京八月有哪些话剧演出？
543,朋友之间总是假意的客套好不好. ,朋友之间总是假意的客套好不好？
544,如何在电脑上查询手机短信息 ,怎么在电脑上查询手机短信息呢？
545,想拍衣服包包的东西请问要什么摄影器材? ,拍衣服包包要什么摄影器材？
546,文章由哪几部分组成 ,文章由哪几部分组成？
547,如何办理公积金贷款？ ,怎么办理公积金贷款？
548,管道品牌，国产的和进口的区别在哪？ ,国产的和进口的区别是什么？
549,蚊子怎么会吸完血就会死调呢? ,为什么蚊子吸完血就会死？ 
550,老嘎三千是褒义词还是贬义词? ,老嘎三千是褒义词还是贬义词? 
551,为什么有的狮子长翅膀，那是什么狮子 ,为什么有的狮子长翅膀？
552,白细胞减少怎么回事 ,白细胞减少是为什么？
553,丙级病历的判定标准是什么 ,丙级病历的判定标准是什么呢？
554,多普达586的显示屏有多少英寸 ,多普达586的显示屏有多少英寸 
555,请问电脑死机怎么办电脑用了一会就不动了 ,电脑死机该怎么办？
556,怎么删号 ,如何删号
557,请问仰卧起坐之类的可以减肥吗? ,仰卧起坐之类的可以减肥吗？
558,数字会议主机包括哪些内容 ,数字会议主机包括哪些？
559,什么叫“日值破月”？ ,什么叫“日值破月”？
560,如何快速学会吉它？ ,怎么能快速学会吉他？
561,液压系统的辅助原件有哪些？ ,哪些是液压系统的辅助原件？
562,如果忘了保护码要怎样才能清除啊 ,如果忘了保护码要如何清楚？
563,如何养殖龙虾? ,龙虾该如何养殖？
564,哪些是十一五规划的受益股？ ,十一五规划的受益股是哪些？
565,西班牙的世界杯前景怎么样? ,西班牙的世界杯是什么样？
566,印花税在国税还是地税申请 ,印花税在国货申请还是地税申请
567,光线飞车的推广代码怎么用啊 ,如何使用光线飞车的推广代码？
568,脑筋急转弯2什么时候四减三会等于五? ,什么时候四减三会等于五？
569,描写全世界各地的成语有什么 ,描写全世界各地的成语有什么
570,后背长痘痘怎么办？ ,后背上长痘痘该怎么样？
571,世界上最好的书是什么书？ ,世界上最好的书是什么书？
572,种族背景是啥啊？ ,种族背景是什么？
573,头皮厚是怎么回事 ,头皮后是因为什么？
574,如何找大客车开 ,怎么找大客车开
575,怎么选一个适合自己职业？ ,如何选择一个适合自己的职业？
576,怎样的行为算是过激行为？哆嗦么？ ,什么行为算是过激行为？
577,有什么好玩的游戏网游的或者手机上的 ,手机上有什么好玩的游戏
578,销售货物的赋税率怎么计算 ,怎么计算销售货物的赋税率？
579,生活垃圾该怎么处理？ ,应该怎么处理生活垃圾？
580,大家有较伤感的歌曲吗？推荐几首吧！！！ ,可以推荐几首比较伤感的歌曲吗？
581,户口本上的年龄错误怎么改？ ,户口本上的年龄错误怎么改？ 
582,怎么查微信聊天记录?删除的能找回来吗 ,如何查微信聊天记录？
583,怎样区分座机号和小灵通号？ ,座机号和小灵通号怎么区分？
584,二进制的数字1到20分别应该怎么表示？ ,数字1到20的二进制分别怎么表示？
585,自榨果汁需要加热吗？ ,自榨的果汁要加热吗？
586,双色球中五红球是几等奖 ,双色球中五个红球是几等奖 
587,请问首乌在哪个地方比较多? ,哪个地方的首乌比较多？
588,什么是行政许可？ ,行政许可是什么？
589,怎样鉴定皮革服装的真伪呢？ ,如何鉴定皮革服装的真伪？
590,怎样建立网站?用什软件比较好? ,怎么建立网站？
591,请问为什么有的股票的代码是02打头 ,为什么有的股票代码是02打头？
592,三星手机怎么刷机解锁 ,三星手机怎么刷机
593,科比在哪支球队效力 ,科比在哪支球队
594,北京有几个火车站？？ ,北京有多少火车站呢？
595,"一人一张口,口下长只手,猜一字 ","一人一张口,口下长只手,猜一字 "
596,有什么办法能让我彻底戒除网瘾？ ,彻底戒除网瘾的办法
597,100人同时在线的视频会议有木有？ ,有没有100人同时在线的视频会议？
598,豆腐干吃多了会发胖吗 ,豆腐干吃多会发胖吗
599,怎样通过浏览器登录服务器 ,怎么通过浏览器登录服务器
600,胃酸过多怎么办？一定要吃药吗？ ,胃酸过多怎么办？
601,农历1980年10月14日的公历是多少 ,农历1980年10月14日的公历是多少 
602,仁者乐山的"乐"读什么 ,仁者乐山的"乐"怎么读？
603,我们常说的电脑芯片指的就是cpu吗? ,cpu是指电脑芯片吗？
604,电脑游戏真的没好处吗？ ,电脑游戏真的没好处吗？
605,智能手机能安装软件?什么软件都可以吗? ,智能手机可以安装什么软件？
606,距离传感器有哪些具体应用？ ,距离传感器有哪些具体应用？ 
607,企业客户关系管理软件用后的效果明显吗? ,企业客户关系管理软件用后的效果明显吗? 
608,混凝土泵送剂可不可以当减水剂用？ ,混凝土泵送剂可不可以当减水剂用？ 
609,搜索引擎中使用率和占有率是什么意思？ ,使用率和占用率在搜索引擎中是什么意思？
610,什么东西在倒立之后会增加一半？ ,什么东西在倒立之后会增加一半？ 
611,你对足球理解是什么! ,对足球该怎么理解？
612,由头是什么意思? ,由头是什么意思？
613,有什么好看的短篇小说吗 ,什么短篇小说比较好看？
614,如何才能学好JAVA如题 ,如何才能学好JAVA
615,怎样把一个网页保存到指定的文件夹下 ,如何把网页保存到指定文件夹下？
616,天天用湿巾洗脸合适吗 ,用湿巾洗脸合适吗
617,婆媳关系怎么才能婆婆和儿媳关系更融洽 ,婆媳关系怎样才能更融洽？
618,应用物理学主要研究什么？ ,应用物理学主要是研究什么？
619,追求很感性的女生应注意什么？ ,追求性感的女生应该注意什么？
620,宁波劳动局电话是多少???急求回答 ,宁波劳动局电话是多少？
621,925的纯银价格是多少 ,925的纯银价格是多少？
622,请问601899的股权登记日是几时？ ,股权登记日是什么时候？
623,QUESTION玫瑰为什么会有刺? ,为什么玫瑰会有刺？
624,造船业都有哪些上市公司？谢谢 ,造船业有哪些上市公司？
625,坏甘蔗里面红色的是什么 ,坏甘蔗里红色的物质是什么？
626,每人每天喝多少水为好？ ,每天喝多少水比较好？
627,达人生日勋章怎么领 ,怎么领达人勋章
628,戒指戴手指取不下来了 ,戒指戴手上取不下来了怎么办？
629,树脂，塑料的区别在什么地方？如题。 ,树枝和塑料的区别在哪里？
630,如何像明星那样保持年轻？ ,怎么像明星那样保持年轻？
631,紫色风信子的花语是代表什么呢？ ,紫色风信子的花语代表什么？
632,微博达人怎么申请 ,怎么申请微博达人
633,哪里有免费的港股实时行情软件下载？？ ,哪里有免费的港股软件可以下载？
634,世界末日会来临吗？？？？？ ,世界末日会来临吗
635,脸上黑痣激光点去后注意什么 ,黑痣激光祛点以后要注意什么
636,什么是蓝筹股？ ,什么是蓝筹股？
637,"""九宫格”的创始人是 ",九宫格的创始人是谁？
638,世纪佳缘靠谱吗？ ,世纪佳缘网站靠谱吗？
639,猫咪在呼吸时为什么发出“咕咕”的怪声？ ,为什么猫咪呼吸的时候会发出咕咕的怪声？
640,为什么有些孩子不愿向父母讲心里话 ,有些孩子为什么不愿像父母说心里话
641,唐诗《寒食》的作者名怎么念？ ,唐诗寒食的作者是谁
642,什么灯最节能,最节能的是什么灯？
643,人生的四项基本原则是什么,什么是人生四项基本原则？
644,青岛公司注册条件是什么？,什么是青岛公司的注册条件？
645,提高睡眠质量的方法是什么？为什么可以提高？怎样提高？以及有什么副? ,什么方法可以提高睡眠质量？
646,吃什么药能增加体内女性荷尔蒙分泌,可以增加体内女性荷尔蒙分泌的药物是什么？
647,为什么？铁锤锤鸡蛋为什么锤不破？,为什么铁锤锤鸡蛋锤不破？
648,从1到9哪个数字最勤劳，哪个数字最懒惰？,从1到9哪个数字最勤劳？哪个数字最懒惰？
649,能被7整除的数的特征是什么?,能被7整除的数有什么特征？
650,什么是宏观调控,宏观调控是什么意思？
651,导致离心泵震动的原因有哪些啊？,哪些原因能导致离心泵震动？
652,芥末产于树上还是一种作物?生长习性及分布?,芥末产于树上还是一种作物？
653,肝血管瘤的检查方法有哪些呢,哪些是肝血管瘤的检查方法？
654,家用电磁炉的频率是多少？ ,家用电磁炉的频率是多少？ 
655,怎么选择煲汤的锅？,煲汤的锅该怎么选择？
656,捷豹车标的由来和车标表示的含义,捷豹车标的由来和表示的含义是什么？
657,二战时有多少种双翼机?,二战时有几种双翼机？
658,眼皮浮肿怎么办?有什么办法可以有效祛除浮肿啊?,怎样可以有效祛除眼皮浮肿？
659,如何应对别人询问自己的收入？,别人问自己的收入时如何应对？
660,中国最大的超市?,中国最大的超市是哪个？
661,中药香薰治疗的疾病有哪些？,哪些疾病是中药香薰可以治疗的？
662,怎么理解osi各层的作用？怎么理解osi各层的作用呢？,如何理解osi各层的作用？
663,白癜风怎样治疗？昆明手术治疗白癜风,怎么样治疗白癜风？
664,介绍柬树的习性？,柬树的习性是什么？
665,儿童牙齿什么时候矫正最合适?儿童牙齿都不整齐,什么时候纠正儿童牙齿最合适？
666,感冒一般分几种？都是什么病毒引起的？（越详细越好，谢谢）,感冒是因为什么病毒引起的？
667,怎样集中注意力？我上课总是爱跑神，听课效率很低。,上课如何集中注意力？
668,为什么睡眠不足会有黑眼圈？,睡眠不足为什么会有黑眼圈？
669,中风偏瘫的老年人，应该多吃些什么,中风偏瘫的老年人应该多吃什么？
670,被称为谪仙人的是谁,谁被称为谪仙人？
671,客服热线什么时候正式开通？,什么时候正式开通客服热线？
672,单片机内存大小怎么测量？,如何测量单片机的内存大小？
673,什么动物不用做事就有东西吃,哪种动物不用做事就有东西吃？
674,葡萄酒中的干红干红解百纳分别是什么意思？,葡萄酒中的干红解百纳分别是什么意思？
675,那谁可以告诉我法律援助电话，,法律援助电话是多少？
676,如何才能做一个受欢迎的人呢?,如何做一个受欢迎的人？
677,这种自行车架如何调整链条松紧？,如何调整自行车的链条松紧？
678,化学浓度为多少的硫酸可以说是浓硫酸,浓硫酸是指化学浓度多少的硫酸？
679,申请领取施工许可证有哪些条件？,领取施工许可证的申请需要哪些条件？
680,中性洗剂是指哪种？肥皂洗衣粉香皂？哪种是,中性洗剂是指什么？
681,洋流到底是什么？对气候有什么影响？,洋流对气候有什么影响？
682,白癜风患者在饮食上要注意什么呢,在饮食上白癜风患者需要注意什么？
683,装修前有哪些细节易被忽略？,哪些细节在装修前容易被忽略？
684,感冒时吃什么水果好?,感冒的时候吃什么水果比较好？
685,公积金转增资本有什么意义,公积金转增资本有什么意义？
686,血沉呈阳性是怎么回事化验血沉的结果是呈阳性不知有何危机,血沉呈阳性是什么意思？
687,化学方程式怎么计算,如何计算化学方程式
688,什么是垂径定理?垂径定理的逆定理是怎样的? ,什么是垂径定理的逆定理？
689,哪些食物可以保养皮肤我的皮肤来本就很干燥,可以保养皮肤的食物有哪些？
690,请问你看过的演讲中谁的最精彩？,你看过谁的演讲最精彩？
691,月球上总共有多少座环形山,总共有多少环形山在月球上
692,请问过期的酸奶有什么用吗,过期的酸奶还有什么用？
693,什么是工程监理？,工程监理是一种什么职位？
694,柿子的中药性能？柿子都有哪些药用价值呢？,柿子有哪些药用价值？
695,脑筋急转弯猪为什么在泥塘里洗澡？,为什么猪在泥塘里洗澡？
696,经济利益合同可以附加道德行为准则吗？,可以在经济利益合同里附加道德行为准则吗？
697,列宁逝世于哪一年,列宁是哪年去世的？
698,大米饭煮多长时间能熟哦？？？//,煮多长时间大米才能熟？
699,请问绩效管理和销售管理有什么区别？公司已经有详细的绩效管理机制，,绩效管理和销售管理有什么区别？
700,老年人睡眠不好怎么治疗?,如何治疗老年人睡眠不好的毛病？
701,三皇五帝都是谁？？,三皇五帝指的都是谁？
702,成熟的标准！！！！！,成熟的标准是什么？
703,世界上最长的河流是：(  )  ,哪条河流是世界上最长的？
704,世界上最长的公路在哪,哪条公路是世界上最长的？
705,世界上最长的山脉是?,世界上最长的山脉是哪个？
706,世界上最长的动漫,世界上最长的动漫叫什么？
707,世界上最高的山在哪里？世界上最高的山在哪里啊？ ,世界上最高的山叫什么山?
708,世界上最大的花,世界上最大的花叫什么？
709,爱因斯坦的是多少。世界上智商最高的是谁,世界上智商最高的是哪位？
710,为什么螃蟹要横着爬行,螃蟹为什么要横着爬？
711,怎样能让头发长得快点,如何让头发能长得快点？
712,柠檬草花语是什么,柠檬草的花语是什么？
713,小孩为什么不吃素菜,为什么小孩不吃素菜？
714,乌龙茶有什么功效,乌龙茶有啥作用
715,徐悲鸿以画什么闻名世界?,徐悲鸿闻名世界的画是什么画
716,最小的一位数是几?,斗地主的起源
717,斗地主的起源是什么?,哪个数是最小的一位数
718,爱情三部曲是什么?,什么是爱情三部曲
719,头发稀疏怎么办?,那头发稀疏咋处理
720,海水为什么是蓝色的?,海水是什么颜色的
721,纸上谈兵的主人公是谁,哪位是纸上谈兵的主人公
722,通货膨胀与通货紧缩,解释通货膨胀
723,苏联是怎么样解体的?,哪一年苏联解体的
724,世界上最毒的植物是什么?,什么植物是世界上最毒的
725,世界上最珍贵的是什么谁能用理由说服我,什么才是世界上最珍贵的呢
726,鬼压床是怎么回事啊？有一次我晚上半夜里突然醒来发觉自己想动动不了,鬼压床
727,怎样才能使自己的内心强大起来！,怎么样能使自己的内心强大起来啊
728,怎么才能让账号更安全呢？,如何让自己的账号更安全
729,怎样才能减掉屁股上的肉？,如何把自己屁股上的肉减掉
730,发霉的书包如何清理干净？,如何清理孩子发霉的书包
731,请问扑克牌中四种花色英文名叫什么？,扑克牌里四种花色的英文名分别叫什么
732,汽车底盘装甲有什么作用？有必要做吗？,在汽车底盘装甲有什么作用？
733,"买房子需要注意哪些证件？, ",哪些证件是在买房子的时候需要的？
734,"我的孩子缺铁,请问如何给孩子补铁? ",如何给孩子补铁呢
735,用简单实验证明二氧化碳与氢氧化钠反应,请简单说明下二氧化碳和氢氧化钠的反应
736,地理华东都是哪几个省，华北是哪几个省，华南呢？,华东和华北是哪几个省
737,请问：自我怎么克服自我的恐惧心理？谢谢！31岁男。,如何克服自己的恐惧心理
738,乳清蛋白粉增重效果如何？,乳清蛋白粉的增重效果怎么样
739,热带和亚热带有什么区别？,热带和亚热带的区别是什么？
740,眼镜店里的验光机测了以后对眼睛有伤害吗,眼镜店里的验光机对眼睛有伤害吗
741,手脚容易发麻是怎么回事,为什么手脚发麻
742,“气质性病变”是什么意思？,什么是器质性病变
743,前列腺增生的治疗方法有哪些？,有哪些可以治疗前列腺的方法
744,为什么不好的主意叫馊主意？,不好的主意为什么叫馊主意
745,“青出于蓝而胜于蓝”的典故来源及含义,青出于蓝而胜于蓝的来源是什么
746,一般云层在什么高度？,一般云层有多高
747,对牛皮癣治疗有什么方法？急！我的父亲是一位多年的牛皮癣患者，去医,如何治疗牛皮藓
748,怎样做好卫生间和厨房的防渗漏？,卫生间的防渗漏怎么做
749,治疗眼肌麻痹的方法有哪些？,有哪些方法可以治疗眼肌麻痹
750,瞎子点灯这句歇后语接下来是什么?,瞎子点灯的后一句是什么
751,(脑筋急转弯):什么东西晚上才生出尾巴呢?,什么东西晚上才有尾巴
752,孩子现在学什么专业最吃香？,现在小孩学什么专业最吃香
753,电解的离子方程式写出电解氯化钠的离子方程式！,电解氯化钠的离子方程式怎么写
754,“喜欢”和“爱”的区别是什么?,喜欢和爱的区别是什么
755,有什么办法可以防止静电！,如何防止静电
756,忘记一段经历，究竟需要多久？？,多久能忘记一段经历
757,减肥的最好方法是什么?,怎样更好的减肥
758,何谓行政司机?,行政司机是什么职位
759,水垢的问题水壶用长了。里面有好多水垢，怎么能去掉呢？,如何去掉水壶里的水垢
760,鲜枣应该如何保存啊？,如何保存鲜枣
761,嘴唇干裂，是缺乏什么维生素,嘴干是缺什么
762,请问什么是地壳运动的张力？它与地壳运动的压力有什么不同？谢谢！,地壳运动的张力和压力有什么不同
763,什么样的情侣才叫情侣？,什么样才叫情侣
764,怎样才能避免和一些坏的人接触? ,如何避免和坏人接触
765,疯子与呆子有什么区别？,什么是疯子什么是呆子
766,电脑中病毒有那些路径,电脑是怎么中病毒的
767,神州七号为什么选择夜间发射？,为什么神七会选择在夜间发射
768,吃什么东西可以补血???,想补学应该吃什么？
769,"几道超简单的题谚语:瓜熟蒂落,__________后面一句是什么 ",瓜熟蒂落的后面一句是什么
770,日本和韩国为什么习惯跪着？,日本和韩国的人为什么喜欢跪着
771,什么原因造成小儿脑瘫？,造成小儿脑瘫的原因有哪些
772,你说过的最诚恳的一句话是？期待经典回答…,你说过的哪句话最诚恳
773,同居多久算事实婚姻 ,事实婚姻同居多久才算
774,长期失眠的患者都有什么危害,长期失眠有什么危害
775,人体的死穴是哪几个?具体在哪些位置,哪些是人的死穴
776,早餐怎样搭配最合理？,最合理的早餐搭配是什么
777,面部的痘痘怎么去除？,如何去除面部的痘痘
778,导致癫痫发病的原因是什么？引发癫痫病的病因都有哪些呢？,癫痫发病的原因是什么
779,请问下凹模和凸模怎么区分呢，谢谢,如何区分凹模和凸模
780,诺贝尔文学奖是从什么时候开始评选的？,什么时候开始评选的诺贝尔文学奖
781,身患感冒能与白血病患者接触吗？白血病和感冒,感冒的人能跟白血病患者接触吗
782,"""袅袅兮秋风""的下一句是什么?出自<<九歌>> ",袅袅兮秋风的下一句是什么
783,在情绪低落的时候你通常怎样化解,情绪低落的时候怎么办
784,孔孟之道，是什么？,什么是孔孟之道
785,早上喝酸奶好，还是晚上酸奶好？,酸奶是早上喝好还是晚上喝好
786,结婚好还是不结婚好? ,结婚到底好不好
787,眼霜没了可用什么代替,什么可以代替眼霜
788,什么是路由器？路由器与交换机有何不同？多台电脑共享一个连接用路由,路由器和交换机有什么不一样
789,什么才是非法传销?跟直销如何区分?,如何区分传销和直销
790,毛笔字为什么要写在宣纸上,为什么毛笔字要写在宣纸上
791,肾病综合征患者怎样用中医药治疗,中医如何治疗肾病综合症
792,颈椎病的症状？颈椎病的症状有哪些？,颈椎病都有哪些症状
793,膝盖扭伤的骨质增生怎么治疗？,如何治疗膝盖扭伤造成的骨质增生
794,与马克思齐名的哲学家是谁？,哪个哲学家和马克思齐名
795,关于童话！谁能告诉一下王尔德的三部童话作品啊？谢谢谢谢！,说下王尔德的三部童话作品
796,制造一角钱的硬币的成本是多少？,制作一角钱硬币需要多少成本
797,世界上有哪些国家的元旦节不是在1月1日？,哪些国家的元旦不是1月1日
798,中国姓氏的由来现在中国有很多性，问下这些性是怎么来的啊。请解释下,中国的姓氏是怎么来的
799,基金获利如何计算，请举例，谢谢,如何计算基金获利
800,什么时候四减三等于五,四减三在什么时候会等于五
801,股票中三板是什么意思,股票术语中的三板是什么意思
802,怎么样才能够更好的融入到社会中？,如何更好的融入社会
803,敲门为什么习惯连续敲三下？,为什么敲门要连敲三下
804,肺结核早期有什么明显症状吗？如题,早期肺结核有什么症状
805,为什么下雨打雷，下雪极少打雷,下雨为什么会打雷
806,怎样挽留这段即将分开的感情我们在一起快一年了，我们在同一间学校的,如何挽留一段即将分开的感情
807,我有盆腔炎吃点什么药好呢？,盆腔炎吃什么比较好
808,碳酸氢钠溶液和氢氧化钙恰好完全反应时生成什么急急急急，帮帮忙，是,碳酸氢钠溶液和氢氧化钙反应会生成什么
809,斜坡的作用到底是什么,斜坡有什么作用
810,喝过水的奶瓶要怎么消毒?,奶瓶如何消毒
811,"什么色的背景对人眼最好看书,用电脑时,主要是看电子书时 ",哪种颜色的背景对人眼好
812,晚上睡觉小腿抽筋怎么办？,我的小腿晚上会抽筋怎么办
813,四六级证书什么时候发,什么时候发放四六级证书
814,腹部不舒服？两片肋骨中间靠点右侧，那是哪啊。坐着那就会不舒服。也?,腹部不舒服怎么办
815,《西厢记》的作者是谁？,西厢记是谁写的
816,"什么是社会主义?社会主义的本质是什么,",社会主义是什么
817,胸腔积液由什么症状,胸腔积液有哪些症状
818,如何快速有效戒烟,怎样才能戒烟
819,圣诞老人的原型是什么?,谁是圣诞老人
820,地幔是固态还是液态?,请问地幔到底是固态的还是液态的呢
821,生如夏花是什么意思？不是歌，是这个词本身的意思。,生如夏花本身的意思是什么
822,如何知道自己的星座,怎么能知道自己是什么星座
823,心无界方能无疆什么意思\n,请解释一下心无界方能无疆的意思
824,哪个国家有“千湖国”的称号,
825,为什么螃蟹要横着爬行,螃蟹为什么要横着爬行
826,老年人适合喝什么饮料！随便问一下！！！,老年人比较适合喝哪种饮料
827,徐悲鸿以画什么闻名世界?,徐悲鸿是画什么的
828,欧元的设计者是谁?,谁设计了欧元
