,Unnamed: 0,target,question,命中情况,目标相似度,目标位置
0,0,怎么让女孩爱上你我现在在网上认识一女孩。可她老说她有男朋友，不接 ,如何让女孩爱上你?,"(我怎样才能爱上一个姑娘 ,0.33366695);(怎么可以让你爱上我 ,0.4337832);(怎样让一个女孩喜欢你怎样才能让一个女孩喜欢? ,0.5222851);(怎样做能使女孩喜欢你、爱你！ ,0.5463761);(我的女朋友怎么才能爱我？ ,0.620505);(如何让你心仪的女生喜欢你 ,0.63007057);(爱情如何去追求一个心爱的女人？ ,0.6838555);(恋爱有什么办法让女孩爱上了我? ,0.6866097);(现在什么样的女孩值得去爱？？？ ,0.72435546);(我怎么才能拥有爱情我怎样才能爱上一个人 ,0.72782403)",-1.0,-1
1,1,帮忙起个名字打算练一个人类女贼主要是图一顺眼起一个比较好听的名字 ,起一个比较好听的名字 ,"(想有个好名字 ,0.31442764);(取名我想要一个名字,要好听的. ,0.38526434);(推荐个好听得名字呗[害羞] ,0.39582053);(谁帮我取个好看的名字? ,0.4072856);(给起个好听的名啊给起个好听的名啊给起个好听的名啊给起个好听的名啊? ,0.4850898);(可以给几个好听的名字我看看吗？可以给几个好听的名字我看看吗 ,0.6282428);(哪个好看？！ ,0.6667667);(帮我起个好名字，问道 ,0.6680646);(谁可以告诉我　　那个好看？ ,0.6812724);(哪个好看？哪个好看？求意见，求意见。 ,0.7502479)",-1.0,-1
2,2,房产证上是我和妹妹的名字，如果现在改成我一个人的名字需要办什么手? ,房产证上改名字需要什么手续,"(什么叫房改房?办理的时候需要哪些手续? ,0.17846207);(房屋翻修要什么手续 ,0.3986113);(咨询哪位知道改名字都需要哪些手续？都有哪些程序？希望知道的指点指 ,0.44098774);(二手车过户都需要什么手续 ,0.48208436);(离婚都需要哪些手续? ,0.5003921);(办理户口迁移,需要哪些手续?去哪里办? ,0.5007542);(二手车过户需要哪些手续 ,0.50612265);(二手车过户需要什么手续？ ,0.51083815);(购买二手房要登记什么，走哪些流程？要什么手续 ,0.52354074);(新车购置税交税都要哪些手续？ ,0.52837026)",-1.0,-1
3,3,6串1，昨天晚上中的大钱没有，只有小投入 ,6串1？,"(发个6串1中奖单 ,0.16313674);(串一串6串1 ,0.17101943);(幸运6的1,0.19712315);(6串1实图！！！！！！！ ,0.22421631);(今日单场6串1（图）希望好运！ ,0.32022372);(求今晚6串1推荐谢谢 ,0.35210803);(小中5倍6串1（图） ,0.36955765);(晒个6串1如图示 ,0.37642044);(大家看一下6串1（图）有多大机会！！！！！！ ,0.40124848);(动词（6）？Hawkingwroteabouthisworkin ,0.40514547)",-1.0,-1
4,4,今天的两场心理冷门002出于战意考虑，初盘略略看好客队；由于客队 ,初盘略略看好客队,"(谜语：客人（地名）客人（地名） ,0.9555662);(空中充值如何开发票我办理空中充值如何给顾客开发票？ ,0.98859495);(客随主便，这一词究竟本意是什么？我们究竟应该如何去理解这个词呢， ,0.9924169);(客气的反义词是什么？ ,0.99262357);(总统府的客人? ,0.99525493);(excel中如何设计这样的代码设计一个客户信息表，包括如下信息： ,0.99731684);(请问有免费的客户管理软件吗?最好能支持手机版。 ,1.0047644);(东北话为什么把客人称呼为“Qie子”？ ,1.0070722);(客所思kx,1.0088482);(求本界世界杯英格兰的客场队服图片 ,1.0156698)",-1.0,-1
5,5,爱莲说最后一段在全文中的作用 ,爱莲说最后一段的作用,"(爱莲说最后一段在全文中的作用 ,0.2023492);(“最后的爱恋”这首歌怎么没有啊 ,1.0358474);(帮我翻译最后一句话的意思~W:Excuseme,Iwastold ,1.0689936);(求音乐达人告诉一下这个FLASH的配音!这个FLASH最后了有一 ,1.0914087);(约会大作战第二季片尾曲最后的那个精灵是谁 ,1.1026727);(在吃西餐是最后的一道菜是什么？ ,1.1046476);(谁告诉我!!骑马得到血剑碎片是做什么用的 ,1.111751);(梅花残篇什么用哈?哪位大大说下!谢! ,1.1129045);(巴金的最后一部长篇小说是哪部作品？ ,1.1159847);(18级任务得把断剑有什么用？ ,1.1173931)",0.2023492008447647,0
6,6,哪里可以在线看电视剧 ,在线可以在哪里看电视剧 ,"(哪里可以在线看电视剧 ,0.020234024);(在那个网址里可免费看电影和电视剧？请知道的告诉我。 ,0.33201987);(请问，在哪些网站可以看到免费电影或电视剧？谢谢！ ,0.38715568);(你们在看什么好看的电视剧啊？求推荐 ,0.41659674);(哪里有看电视的网站？ ,0.41883162);(谁给我介绍个能看电视的网站？ ,0.43971324);(请问一下谁有可以看电视的网址? ,0.44419146);(求推荐电视剧看！ ,0.44609836);(在那里在线收看电影? ,0.45966306);(求好看的电视剧。 ,0.47312298)",0.02023402415215969,0
7,7,请问纸被打湿后很皱，应该怎么处理？纸被水打湿，等纸干了后会很皱， ,纸被打湿后怎么处理？,"(理光2501L复印机怎么打印A3纸？ ,0.57444954);(荧光纸是由什么材料制成的? ,0.57662237);(做一次性纸餐盒的是什么纸 ,0.59975886);(生活用纸是用什么木材做成的 ,0.60639006);(辞职信用什么纸来写比较好?急!@!同上 ,0.6098073);(生活用纸包括哪些啊，是如何分类的？ ,0.6419759);(纸的制作材料以及工序是什么?要详细呀!我有急用!(老师布置的) ,0.6527626);(怎么用纸折玫瑰花哪里有看视频或教程? ,0.6582533);(信封一般用什么纸 ,0.6808893);(纸的花托怎样折?? ,0.6940452)",-1.0,-1
8,8,求鉴定石头本人有一个像拳头大的石头，外观咖啡色，有一种香味，石头 ,求鉴定石头,"(求专家鉴定这是什么石头呢？ ,0.2284909);(请问这是什么石头，求鉴定 ,0.34074795);(哪位亲帮我看看这是啥石头？ ,0.44978002);(请高人指点，这是什么石头？ ,0.4579308);(请懂石头的朋友帮我看看这是什么东西谢谢 ,0.47471458);(鉴定 ,0.52172107);(哪位博友知道这是什么石头么? ,0.52410024);(如何鉴定物品?谁能告诉我谢了同上 ,0.54622936);(有人知道这是什么石头吗？ ,0.55067027);(请问谁知道这是什么石头？ ,0.55316156)",-1.0,-1
9,9,睡觉的时候脸上出油好不好？我内分泌看来不好，平时基本不吃辣，所以 ,睡觉的时候脸上出油好吗？,"(头发容易出油，天天洗好吗？ ,0.6921893);(脸上出油是缺水吗 ,0.8993534);(用香皂洗脸好吗？ ,0.9904254);(用精华露当洗发水会怎么样 ,1.0105195);(鼻子常出油常用吸油纸好吗？ ,1.0337029);(喷墨打印机能用油性墨水吗 ,1.0401698);(身边好多人都说多乐士怎样怎样，大家觉得多乐士油漆好吗？ ,1.0591574);(请问香格里拉油漆怎么样？ ,1.0814782);(深海白鲨鱼油效果怎么样 ,1.0863099);(棉花的种子可以榨油吗？ ,1.1036568)",-1.0,-1
10,10,何时何地何人宣布2008年奥运会在北京举办 ,2008年奥运会由何时何地何人宣布,"(2008年奥运会具体什么时间开始 ,0.4315551);(2008年的奥林匹克运动会什么时候举行？ ,0.70884115);(标致2008什么时候上市？ ,0.7229858);(2008年北京残奥会什么时候开幕？ ,0.819372);(2008年中山小榄菊花展什么时候开始 ,0.8512136);(2008年公务员什么时候涨工资 ,0.8604582);(2008年奥运会在哪举行？ ,0.8789675);(2008的“惊蛰”是哪天哪时？ ,0.9366971);(2008年的古尔邦节是哪一天？ ,0.95101136);(闰年怎么算2008年是闰年，请问通过什么方法可以知道是闰年？ ,0.96212184)",-1.0,-1
11,11,求救我今年26，请问我和女朋友牵手的时候尿道口就有前列腺液流出， ,和女朋友牵手的时候尿道口有前列腺液流出,"(广州前列腺增生？（广州的医院?） ,0.954149);(公司组织在一家小医院体检，我查出前列腺结石，我怕检查结果不准确，? ,0.9737996);(男性极度痛苦在线等候各位佳音本人11月7号去医院检查前列泄炎。结 ,0.99421316);(胖人骑自行车有人说胖人骑车对前列腺不好，请问是真的吗？ ,1.026774);(关于前列腺炎的问题我21岁,于上9月19日去医院检查,被查出有前 ,1.1108366);(吃花粉和蜂王浆可以治疗前列腺炎吗？ ,1.1175426);(广州的正规医院有哪些我有一朋友在江门某医院检查患有前列腺炎，连吃 ,1.1231698);(前列腺炎的排便不畅通医生您好，我现在26岁，查出有（病菌性）前列 ,1.1267754);(湖北武汉治疗前列腺炎哪家医院好？ ,1.129887);(前列腺炎和前列腺增生有什么区别？去年体检被告知有前列腺炎，于是开 ,1.1414726)",-1.0,-1
12,12,周润发版《上海滩》是什么哪一年拍的？ ,周润发哪一年拍的《上海滩》,"(周润发版《上海滩》是什么哪一年拍的？ ,0.4519915);(新浪与哪一年在纳斯达克上市的 ,0.5274022);(中国是多少年改革开放 ,0.6831211);(CompaqiPAQ微型便携式投影仪MP1200哪一年推出的 ,0.6885627);(纳尔逊·曼德拉是哪一年当上总统的？ ,0.7138706);(新浪微博创建多少年了 ,0.75153506);(奥黛丽赫本的第一部电影拍摄于哪一年，谁导演，在哪拍摄的 ,0.7539861);(钟汉良风尘蝶舞哪年拍的 ,0.7582924);(《大长今》如今火爆了,可是我想知道……这个戏拍摄于哪一年啊??? ,0.758912);(21世纪的第一年是？ ,0.7686431)",0.4519914984703064,0
13,13,白瞎了我的好单了 ,可惜我的好单,"(很可惜的一单！！！！！ ,0.5834051);(很可惜的一单RT ,0.6092849);(很可惜的一单~ ,0.6134376);(很可惜的一单？ ,0.624794);(可惜的一单！图。 ,0.63247037);(可惜的一单 ,0.6483238);(很可惜的一单，唉，图1 ,0.6779791);(利物浦啊，可惜了我的单子！ ,0.69141024);(四强赛为什么没有佳一? ,0.75874376);(我的账号怎么没有精美箱子？ ,0.82167375)",-1.0,-1
14,14,听人说菜籽油有营养，但我比较习惯吃调和油，那么请问两者之间哪种更? ,菜籽油和调和油比较,"(衣服上有食用油怎么办? ,0.5662391);(用什么油炒菜比较健康呢？ ,0.6185313);(调和油炒菜好还是拌凉菜好 ,0.61939937);(食油用哪种油最好？食用的种类很多，哪种口味最好呢？ ,0.6270084);(哪种食用油最有益健康？ ,0.64666235);(手指被油烫起了泡，该怎麽办？ ,0.66291404);(炒菜时多少油温最好？ ,0.6728124);(关于用油的问题。做凉菜和热菜分别适合用什么样的油呢？ ,0.67681605);(一百斤菜籽能榨多少斤油 ,0.677231);(1公升食用油等于多少公斤? ,0.6924118)",-1.0,-1
15,15,关键时刻怎么不见清泉老师了，急 ,清泉老师在哪里 ,"(清泉老师,0.31385112);(请问清泉老师的博客地址是什么？谢谢拉如题 ,0.5579442);(清泉老师圣诞快乐! ,0.6199246);(谁看到清泉老师的04,0.6298986);(祝清泉老师新年快乐！ ,0.6337325);(清泉老师你好,请问0???谢谢 ,0.64118814);(清泉老师您好！请帮个帮好吗？不好意思，又要麻烦你了，前几天我问过 ,0.67096907);(谢谢清泉老师,祝老师新年好! ,0.73090965);(请教清泉老师您的推荐在那儿可以看到啊~谢谢!!! ,0.7466863);(～．～大家来看：清泉点评之1,0.800597)",-1.0,-1
16,16,谁还记得那曾经的leeds青年禁卫军！！！ ,leeds青年禁卫军,"(谁有lee周刊的购买地址？？谢谢了。[委屈][委屈] ,1.1300757);(你好!李军先生请问现在买些日元如何?请问现在买些日元如何?今天最 ,1.2396948);(李医生的补水面膜怎样呢？ ,1.2410817);(给我发几张李微微的照片谢谢！ ,1.2430964);(那里有李阳的疯狂英语全套的听力下载， ,1.244899);(李金羽很努力啊？ ,1.258386);(李小朋还踢足球吗 ,1.2618918);(李姓男孩有寓意起名 ,1.263253);(设计签名李将 ,1.2685189);(哪里有李阳疯狂英语磁带版的电子书 ,1.2739784)",-1.0,-1
17,17,日本产的机械表，哪种好。最好双日历有朋友去日本，我想让他带块日本 ,哪种日本产的机械表比较好,"(日本哪个牌子机械手表好 ,0.3193531);(日本著名手表品牌 ,0.6099202);(有什么牌子的机械表好点的？求大神们介绍下 ,0.6592384);(想买块表，不知道买什么牌子• ,0.9262606);(想买个机械手表，谁给推荐个牌子？ ,0.98468417);(谁知道这块表什么牌子，什么型号，什么价格。 ,0.9912206);(机械表ORIENT是什么牌子 ,1.0034003);(谁能告诉我这是什么牌子的表啊？[可怜][疑问] ,1.0044794);(亲们，请问有人知道这块表是什么牌子吗？在哪里能买到正品？非常感谢? ,1.0182863);(谁知道这个表是什么牌子的，请告诉我一下，谢谢啦！ ,1.0481374)",-1.0,-1
18,18,怎样对0~6岁的孩子进行启蒙教育？ ,如何对0~6岁的孩子进行启蒙教育？ ,"(怎样对0~6岁的孩子进行启蒙教育？ ,0.0060910443);(怎么教6岁的小朋友弹琴?我的钢琴弹的很好,可我不知道如何教小孩子 ,0.74733406);(我在安徽，怎么样让孩子能够接受这种教育呢？ ,0.8483503);(你好，林大夫，我想咨询一下6个多月宝宝的早教问题应该从哪些方面入? ,0.8607804);(宝宝6个月怎样早教我宝宝现在6个月是不是应该早教了呢?该教什么好 ,0.8742827);(：你好，林大夫，我想咨询一下6个多月宝宝的早教问题应该从哪些方面? ,0.883038);(如何教孩子学英语 ,0.88425845);(上班族妈妈怎样对宝宝进行早教呢？ ,0.898012);(怎样教小学生学英语？ ,0.9101051);(天线宝宝点读笔怎么给宝宝幼教？ ,0.920076)",0.006091044284403324,0
19,19,"关于猎人BB的问题举个例子哈,我的猪会2级冲锋,后来让他学会3级 ",关于猎人BB的问题,"(InternetExplorer问题InternetExplor ,0.8117429);(MU奇迹的问题 ,0.8290879);(QQ游戏下载的问题 ,0.87347305);(QQ游戏下载的问题 ,0.87347305);(猎人任务,0.8899481);(InternetExplorer问题我的InternetExpl ,0.8925982);(JJC问题 ,0.8971876);(PADIOpenwaterscubadiver问题 ,0.8971876);(百度HI的问题 ,0.90204644);(有关JSP问题 ,0.903725)",-1.0,-1
20,20,脾胃虚弱多种症状并存是什么原因？请问同时有胃气虚的症状“胃胀，胃 ,什么导致了脾胃虚弱多种症状并存,"(请问维生素缺乏者都有哪些症状呢 ,0.84968233);(电脑自动重启我的电脑最近出现了自动重启的问题....症状是这样的 ,0.8800259);(请教脾胃虚寒是一些什么症状？ ,0.9147919);(“气质性病变”是什么意思？ ,0.93865997);(求问一种病症我的一个朋友，有这样的症状：心慌伴随恶心，并且有大量 ,0.95370585);(我想问一下，肾阳虚和肾阴虚的症状 ,1.0145582);(我的病情我经常心悸失眠多梦是怎麽回事 ,1.0359012);(小儿反复咳嗽有什么症状？ ,1.038088);(关于抑郁症抑郁症是怎样的?它有什么表现? ,1.0415474);(最常见的糖尿病并发症是什么？ ,1.0477268)",-1.0,-1
21,21,170cm标准体重多少？我67公斤，感觉有点胖，但是我骨架子很大 ,170cm标准体重多少？,"(170cm的男人标准肩宽是多少 ,0.5417751);(您好我今年23岁了，身高170，请问还能长高吗，有什么好的办法， ,0.6153334);(一位男生的问题？我今年16岁，一个170cm的男生，不知道为什么 ,0.65386575);(女172cm多少斤算苗条～ ,0.7805285);(钓鱼170了去哪里钓比较快 ,0.8024511);(L(165)、XL(170）······是什么意思“L(165) ,0.80955964);(数字电视机顶盒一台170,0.83657295);(霆锋真有174.5cm高吗？ ,0.8478135);(近视170度还能纠正吗？？？？？？？ ,0.8549958);(现在男人身高180cm高吗在职场里 ,0.9351216)",-1.0,-1
22,22,请问，现在能注册？我怎么老说验证码无效？同标题。谢谢。 ,请问，现在能注册？显示验证码无效？,"(注册为什么总是提示身份证号无效啊 ,0.60281485);(兑奖券号码怎么会无效的？ ,0.7317179);(excel表单元格数据为什么不显示 ,0.74947274);(为什么总提示文档包含无效数据? ,0.75710976);(显示器没显示？ ,0.76346356);(采纳为最佳答案时，为什么显示是不存在的答案？ ,0.76738757);(请问，现在能注册？我怎么老说验证码无效？同标题。谢谢。 ,0.79478383);(手机在拨号时会出现无可用信道的提示，请问是怎么回事？ ,0.79569393);(为什么我UT没好友了显示好友没啦 ,0.8135514);(怎么不能显示上传的个人头像上传的个人头像怎么无法显示 ,0.8328524)",0.7947838306427002,6
23,23,我该不该给我女朋友买手机？我们在一起快两年了！我老妈总是给她卖衣 ,该不该给我女朋友买手机？,"(不知道该不该在这里谈红颜知己的问题我有些很好的女朋友，心里把她们 ,0.938644);(新出的校车该不该买啊?如题 ,1.043729);(是不是处女真的很重要吗？ ,1.0710099);(这个问题嘛。。“美女XXXXXXXXXXXXXXX”，“不要这样 ,1.0887692);(语文学的差，请大家帮个忙，看看这个女孩什么意思？借宝地问个问题， ,1.1140301);(有谁知道处方药和不是处方药的区别呢~？我女儿咳嗽今天去药店买药可 ,1.1144896);(妈妈不让我取她!各位大哥大姐帮帮我先说说她是怎么样一个女孩子：她 ,1.1324899);(我的女友说我没有点好的地方,请大家帮我分析分析!我昨天晚上带这女 ,1.1432526);(该不该赎回 ,1.1442304);(如何开口?>怎么问女友是不是处?大家有什么点子``委婉点的大家帮 ,1.1473826)",-1.0,-1
24,24,"爱问第一名,有什么好处呢?有物质奖励吗 ","爱问第一名,有什么奖励呢?","(爱问第一名,有什么好处呢?有物质奖励吗 ,0.5264655);(赏给第一名,0.58550817);(怎样才能每次考试都能得第一?我是小学生. ,0.68067765);(怎么拿到更多勋章如题 ,0.6926615);(第1的车队有什么奖励? ,0.69723237);(如何拿更多勋章？ ,0.73132163);(怎么获得更多的勋章？ ,0.73695695);(如何获得更多勋章？ ,0.74105656);(请问荣誉度怎么得 ,0.7458656);(请问荣誉度怎么得 ,0.7458656)",0.5264654755592346,0
25,25,我的号为啥老封啊显示我使用非法的第三软件，可我没用啊，诛仙开始来 ,诛仙显示我使用非法的第三软件,"(街头篮球非法道具区别 ,0.7146406);(官方不让买G币？什么啊。。。那些人真的是盗的？ ,0.78873974);(吉林省非法广告处理委员会是什么机构 ,0.8109294);(到派出所开出生证明违法吗？ ,0.8235563);(我的博客一上传图片就提示非法这是怎么回事？ ,0.857384);(郁闷中!~了解其真相的请告诉我!~谢谢破坏+67魔防+27的非法 ,0.9107959);(惟陈言之务去。窥陈编以盗窃。这两句话什么意思 ,0.91992074);(非婚怀孕是否违反计划生育条例 ,0.92196894);(腾讯QQ是在网上下载的是盗版的吗？ ,0.95087487);(看看游乐场的玩家吧~最明目张胆地欺骗 ,0.9509827)",-1.0,-1
26,26,有没有迅速缓解口腔溃疡疼痛的方法？在线等。[泪] ,有没有迅速缓解口腔溃疡疼痛的方法？,"(嗓子化脓导致发烧，有没有快速退烧治疗嗓子发炎的好方法 ,1.0340608);(牙疼的想咬人，求一个缓解牙痛的方法啊[泪流满面][泪流满面][泪? ,1.1986974);(胰腺癌胰腺尾部和脾脏切除肝脏转移吃什么中药可以缓解疼痛？控制肝脏? ,1.2077972);(好朋友失眠严重有没有失眠安全快速的方法可以解决呢？ ,1.2188538);(做外贸,客户用银行支票的方式付款,如何化解其中的风险?肯尼亚外商 ,1.25709);(宝宝的口腔溃疡有没有好的治疗方法宝宝口腔溃疡 ,1.2871108);(疣脱欣、疣迪、克疣、忧素清哪种药治疗尖锐湿疣疗效最好？有无副作用 ,1.3031671);(说出你认为最悲观的话让人心情抑郁的话 ,1.3116711);(在预防心脑血管类突发疾病方面，有没有副作用小的中药？ ,1.3145795);(重庆哪里有肠尖锐湿疣胃医院重庆哪里尖锐湿疣医院好 ,1.318483)",-1.0,-1
27,27,社会人员可以参加英语四六级考试？ ,社会人员可以参加英语四六级考试吗？ ,"(社会人员可以参加英语四六级考试？ ,0.02608802);(大学毕业后还可以参加英语四，六级考试吗？ ,0.40895173);(请问大专的学历，已经过英语四级了，可以考六级吗 ,0.6613019);(学完大学英语精读前四册能达到什么程度，考六级可以吗？ ,0.7261395);(固体空气清新剂对身体有害吗？今天买了一个六块钱的固体空气清新剂， ,0.759211);(群星坠落的问题老虎MM好容易到六级，怀着激动的心情在混战中放流星 ,0.7679228);(英语四级过了多少分才可以考六级? ,0.76994103);(报考中科院英语必须过六级吗？过四级了能不能报啊？ ,0.777206);(请问英语专业的学生可以报考六级考试吗?请问英语专业的学生可以报考 ,0.79164886);(我短信购卡给了一个六位数兑换码,现在找不到网页兑换 ,0.79312176)",0.026088019832968712,0
28,28,奥尔罕·帕慕克获得诺贝尔文学奖的作品是哪一部？RT ,奥尔罕·帕慕克获得诺贝尔文学奖的作品是哪一部？,"(奥尔罕·帕慕克获得诺贝尔文学奖的作品是哪一部？RT ,0.025667403);(西比灵盐酸氟桂利嗪胶囊跟西比灵是一种药吗西比灵盐酸氟桂利嗪胶囊跟? ,1.247721);(传闻舒马赫将退役有可能是真的吗？ ,1.2999644);(iphone5s到底是联通定制机好些？还是去苹果授权零售店买的好? ,1.3098235);(1982年7月22日查询星座阴历1982年7月22日是什么星座 ,1.3424424);(求对一个C++程序的分解与修改想请教以下这个程序，是一个模拟书店 ,1.3539937);(求对一个C++程序的分解与修改想请教以下这个程序，是一个模拟书店 ,1.3539937);(2011年国考申论试题解析有人可以帮忙找一些申论的试题不？ ,1.3551006);(求助求电视电路图TCL王牌型号：AT21211A能看或能下载电视 ,1.3601419);(实况足球里面有巴蒂斯图塔吗？我喜欢啊，怎么找出来啊？？？ ,1.368132)",0.025667402893304825,0
29,29,计算机开机屏幕没反应，要按两次重启键才可以急求解决方法，，，电脑 ,计算机开机需要按两次重启键，屏幕没反应,"(电脑主机开机加电没任何反应这是怎么回事啊？换了快电源还是没反应， ,0.7050244);(微博怎么绑定手机手机发几遍短信没有反应 ,0.7372267);(为什么移动硬盘要读两次？新买的移动硬盘，每回第一次插入电脑都没反 ,0.7444138);(游戏无法运行我更新之后，点击开始游戏，之后就没反应了，这是怎么回 ,0.75033915);(索爱K700C数据线与电脑连接后无反应？我的索爱K700C数据线 ,0.7567674);(电脑显示器进水先用吹风机吹了会，然后开机了，但是显示器就是没反应 ,0.76142734);(为什么可以登录却不能连接主服务器玩游戏时，主服务器连接没有反应 ,0.76963985);(我的电脑的鼠标有的时候只能动,但是左击或者右击都没反应,重启几次? ,0.7892007);(是不是电源的问题啊插上硬盘后风扇转几下就停止了。再按电源没有反应 ,0.8082473);(我的回收站出问题了，在桌面回收站里点击“清空回收站”没有反应，只 ,0.81011504)",-1.0,-1
30,30,000925怎么老趺 ,老趺 ,"(000925怎么老趺 ,0.43101323);(蒲松龄的故居在？ ,1.1783693);(我国从哪个时期开始出现了凳椅？ ,1.2115954);(有关于“椅子”的谜语吗？ ,1.2262435);(老脾气,1.2434607);(求《百年孤独》 ,1.263438);(求电子版的《百年孤独》 ,1.2768363);(管理员进来看看看怎么老是这样 ,1.2822084);(为什么我的头发长了老是趴在头上了 ,1.2914078);(新艺美固在长乐哪里？ ,1.3035072)",0.43101322650909424,0
31,31,枯木老妖在弱水河畔哪座桥畔 ,枯木老妖在弱水河畔哪座桥畔呢？,"(枯木老妖在弱水河畔哪座桥畔 ,0.049995497);(著名影片《魂断蓝桥》的桥是哪座桥？ ,0.6326927);(人物给卡住了，动不了我做任务的时候人物卡在城里面的桥上，不知道怎 ,0.6928957);(仙剑三江湖救急怎样过壁山?那个桥我过不过去. ,0.8704569);(为什么我不能上巴蜀折断的桥？接到蜀道日志的任务，可是我无法走到那 ,0.87641984);(桥的比喻示例：知识是人类从愚昧走向文明的桥 ,0.90668947);(一条毛毛虫想过河,没有桥怎么过? ,0.9378184);(急转弯：人和车都不能过的桥是什么桥？ ,0.93974566);(请问青岛的朋友们，在青岛生产车桥的企业有什么单位，或者汽车制造相? ,0.94765735);(商桥一词中桥的含义是什么？ ,1.0193257)",0.04999549686908722,0
32,32,大盘点位？大盘将10月8日的缺口完全补回，明天中石油申购，上亿资 ,大盘点位？,"(感觉现在这个点位可以买股票了 ,0.46968597);(请问大家，现大盘多少点？ ,0.6809605);(谁告诉我现大盘多少点？急，在线等待 ,0.6890596);(请问大盘现在到多少点了? ,0.72416997);(谁能在这个点位推荐一只好票？ ,0.7563935);(请问本轮大盘会调整到什么位置？ ,0.77173626);(今年大盘高点大概在哪里,谢谢? ,0.8258366);(请问：大盘下一个点位是多少？ ,0.8284);(如何能把握住股票的买卖点？ ,0.84202707);(预测收盘点位~~~猜~~~~================== ,0.8882154)",-1.0,-1
33,33,最后一句歌词（我们一起恋爱）是什么歌？ ,什么歌最后一句歌词（我们一起恋爱)？ ,"(最后一句歌词（我们一起恋爱）是什么歌？ ,0.17313512);(只知道最后一句歌词,请问谁知道这首歌的歌名????这首歌最后一句 ,0.7905655);(大丈夫电视剧最后的插曲是什么歌 ,0.79503447);(爱情公寓4最后一集结束时那首是什么歌 ,0.8085339);(爱回家487集最后合唱的是什么歌 ,0.9441944);(初代吸血鬼第三部中间是什么歌 ,0.98158336);(电视剧<蝴蝶飞飞>片尾歌在哪里有? ,0.9854769);(《西游记后传〉〉的主题曲叫什么《西游记后传〉〉的主题曲的歌名叫什 ,1.0047491);(三明三中有没有举办歌咏会啊？ ,1.0274062);(请问《八大豪侠》的片尾曲叫什么歌名？我很喜欢八大豪侠的片尾曲想下 ,1.0626478)",0.17313511669635773,0
34,34,"我爱上了我老公的同事,我该和他走吗？我结婚了,有一个很可爱的儿子 ","我爱上了我老公的同事,我该和他走吗？","(我爱上了我老公的同事,我该和他走吗？我结婚了,有一个很可爱的儿子 ,0.58993304);(梦见掉落悬崖。解梦专家请进我是男生。昨天梦到和一个女孩一起走着， ,1.2770065);(感情变成这样的结果我是不是活该？原先谈了一个男朋友，可是因为家人 ,1.3130232);(我女友上大学半年后背叛了我,现在又和我好了,我很在乎!怎么办?因? ,1.3193518);(女友总让我定婚而我要定她却因为彩礼等,反而不愉快,我还要继续下去? ,1.3196536);(我和老公的感情已经走到尽头，可是孩子年幼，我实在于心不忍。我该离? ,1.3265074);(失落的心该何去何从？我和他曾经很相爱，他家人要他“五一节”回去， ,1.3433309);(失落的心该何去何从？我和他曾经很相爱，他家人要他“五一节”回去， ,1.3433309);(我美术省联考考了290分，能上这大学吗？能达上你们学校二本线吗？ ,1.3694094);(我很爱我老公，可我总怀疑他，怎麽办？他每次和他的同事出去，我总不 ,1.3793405)",0.5899330377578735,0
35,35,请教一个有关银行买卖基金的问题？请问各位高手，现在有个问题咨询一 ,请教一个有关银行买卖基金的问题？,"(请教一个有关银行买卖基金的问题？请问各位高手，现在有个问题咨询一 ,0.17018333);(关于基金购买的疑问，在线等 ,0.9345708);(请问关于基金我完全不懂,想请教行家教我怎么做?基金是在什么银行买 ,0.9446539);(在我的电脑中，各基金的交易页面都打不开了，怎么办？在我的电脑上打 ,0.95333546);(请问怎么用农行网上银行买基金先祝各位新年快乐！再请教一个问题。注 ,0.9574764);(我想买银行股票，大师们推荐个？ ,0.9620514);(关于基金的问题？请问各位前辈有没有什么好的介绍基金的网站，我是个 ,0.9891738);(新手向大师及基友们请教一个很菜的问题。不要笑话噢！在上证基金里， ,0.997329);(如何购买基金?不知道如何购买基金.在银行买吗! ,0.99859965);(关于银证通的问题请教1、我刚入市，向各位老师前辈请教：我已经在证 ,0.99865043)",0.17018333077430725,0
36,36,请问索芙特的祛斑霜管用吗?脸上有好多色素沉着的色斑想买又怕不好用 ,索芙特的祛斑霜管用吗？,"(用酵母粉做面膜能祛斑吗?效果怎么样? ,0.7719345);(光动力也可以祛斑吗？ ,0.8095634);(激光祛斑好吗 ,0.8219326);(激光祛斑安全吗？？ ,0.84568495);(日晒斑能治好吗 ,0.84913534);(请问用过同仁堂的祛斑套装吗？效果如何？ ,0.8755596);(有做过光子嫩肤的吗?去斑效果怎么样? ,0.903468);(FANCL特效美白SPWhiteEssenceSP祛斑效果如何? ,0.9094593);(您好，请问脸上的斑点能去掉吗 ,0.9504772);(怎样祛斑请问珍珠粉面膜可以每天做吗? ,0.97905594)",-1.0,-1
37,37,桌面上的开始工具栏横在左边了，怎么弄回来啊？ ,如何设置桌面上的开始工具栏，横在左边了,"(急急急我电脑桌面上的工具栏，不知怎么弄的跑到左边竖着了，请问怎么 ,0.7383967);(怎么才能显示《我的电脑》左边的工具栏 ,0.8579048);(关于QQ聊天时的问题！我的字体怎么横过来了，怎样设置？只有在聊天 ,0.8597614);(我家的电脑工具栏怎么在上面 ,0.9096323);(怎样在word中插入竖直分隔线？ ,0.92362195);(**显示桌面的图标在哪里可以设置?求教!!! ,0.9273775);(为什么汽车的方向盘设置在驾驶室的左边？ ,0.9285199);(怎么在VC做的ActiveX控件中直接设置某台打印机和纵、横向？? ,0.9296229);(WORD相关问题如何将word中的页面变成横的，如何设置？谢谢！ ,0.933956);(怎么把程序放在快速启动栏？？？？急 ,0.944793)",-1.0,-1
38,38,我的胸有点大走路不直怎么才好？怎么才能让自己被直走路？ ,我的胸有点大走路不直怎么办？,"(我的胸有点大走路不直怎么才好？怎么才能让自己被直走路？ ,0.6535622);(为什么我的胸会一个大一个小？最近我发现现在我的胸是一个大一个小， ,1.006974);(女人的胸为什么会变小的呢? ,1.0080882);(【求助】有没有让胸变小的方法? ,1.1028881);(女人的胸围多大最好啊? ,1.1153142);(胸大矮矮的女生适合穿什么样的衣服 ,1.1351943);(刚烫了几天的头发,不大满意,想去弄直,可以吗? ,1.1498109);(急急急，帮帮我吧我父亲前几天CT影像诊断报告书是这样的：胸廓对称 ,1.1547837);(如何让两腿变直??我很瘦,两腿合不拢,型不好看怎么办啊 ,1.1653141);(关于旗袍的问题那些身材好的年轻女性穿的旗袍，她们的胸部一般在哪个 ,1.1670911)",0.6535621881484985,0
39,39,猛将的鞋子属性防...猛将鞋子强什么属性防最抢手啊?哥哥姐姐救命 ,猛将的鞋子选什么属性,"(关于猛将兵器的问题力猛45,0.9061464);(谁有基洛夫巡洋舰的图给点求基洛夫巡洋舰猛图最好是800X600以 ,1.0265757);(猛禽中谁最厉害 ,1.0320634);(急！急！高手看这鞋值多少 ,1.0566639);(狮子和老虎谁厉害 ,1.0705783);(狮子跟老虎，哪个打架厉害？ ,1.0781687);(三国里最勇猛的武将是谁 ,1.1005691);(名牌运动鞋?有那些呀? ,1.1033053);(如何获得猛将无双的勋章？ ,1.1136785);(刚毅鞋再往上是什么鞋?请指教 ,1.115193)",-1.0,-1
40,40,为什么不拍仙剑3电视剧?仙剑3比仙剑1好看得多(飞蓬比李逍遥帅得 ,为什么不拍仙剑3电视剧?,"(为什么不做一个网络相亲平台 ,0.49692872);(成龙为什么不和李连杰一起拍电影 ,0.51851887);(刘德华为什么不结婚 ,0.6446963);(为什么中国不举办世界杯呢？ ,0.74465084);(为何不设男人节? ,0.7593109);(为什么中国不造航母? ,0.77689046);(曹操为什么不当皇帝？ ,0.7799303);(中国为什么不建设航空母舰？ ,0.7899466);(（）不分，怎么做 ,0.79485524);(会议纪要为什么不加盖公章 ,0.7972437)",-1.0,-1
41,41,"胃镜检查是浅表性萎缩性胃炎,这严重吗,是怎么一回事?应注意什么? ",浅表性萎缩性胃炎是怎么一回事?,"(浅表性胃炎能治吗 ,0.5440505);(哪家医院治疗浅表性胃炎较好 ,0.6007044);(哪家医院治疗浅表性胃炎较好 ,0.6007044);(浅表性胃炎严重吗？ ,0.841226);(沈阳看浅表性胃炎哪里最好 ,0.95812625);(知非再说怪异盘口本轮出现不少这样盘口,大家不妨重点关注1,最浅盘 ,1.0526762);(小心巩膜炎如何治疗浅层巩膜炎 ,1.0556166);(。你好，帮我看看我嘴周围皮肤总是深。咋回事呢？麻烦帮我解答一下，? ,1.1579834);(古诗纸上得来终觉浅下一句 ,1.1695292);(我的液晶显示器怎么回事！ACER17液晶显示器AL1713A，深 ,1.1784488)",-1.0,-1
42,42,在淘宝上卖虚拟产品怎么样?我想在淘宝上开个网店，大家都推荐我卖虚 ,在淘宝上卖虚拟产品怎么样?,"(在淘宝上卖虚拟产品怎么样?我想在淘宝上开个网店，大家都推荐我卖虚 ,0.47439194);(虚拟语气IdowishIknewmoreaboutthesuje ,0.7065161);(如何在网上卖虚拟物品?请问怎么在淘宝网卖虚拟物品？又有哪些虚拟物 ,0.73340666);(虚拟机下载 ,0.7726774);(如何在淘宝网上开虚拟充值网店？ ,0.7879464);(关于淘宝开店的疑问1、我现在在淘宝上开了个店，是搞虚拟产品的，我 ,0.8175055);(模拟人生,0.8337462);(虚拟视频怎么下载?虚拟视频在那下载? ,0.8749742);(《模拟人生,0.88124543);(虚拟语气测试题 ,0.9246212)",0.4743919372558594,0
43,43,这台组装好没我想购台电脑，我主要是用来学习的可以上网能装些不太大 ,我想购台组装好的电脑,"(配个组装电脑 ,0.52142847);(帮忙看看我电脑的配置，顺便说下价格。我想自己组装台电脑,大家帮忙 ,0.55609864);(买电脑品牌的好，还是组装的好？ ,0.589927);(要多少钱买一台组装好一点的电脑，要什么配置？ ,0.5907299);(组装个电脑好麻烦。谁有好搭配的配置介绍下。 ,0.6201104);(电脑是组装的好还是品牌的好? ,0.6238);(买哪种电脑好？是买有牌子的好还是买组装的好？ ,0.6317782);(不懂我想组装台电脑不知道怎么组装才好请帮我想想？？ ,0.6347698);(买电脑是组装的好还是品牌的好？ ,0.66155934);(买好硬件了怎么组装电脑？ ,0.66233885)",-1.0,-1
44,44,"轴流电机和涡轮电机的区别,哪个更好 ",轴流电机和涡轮电机哪个更好 ,"(轴流电机和涡轮电机的区别,哪个更好 ,0.32049978);(涡流的原理是什么 ,0.74200106);(奔驰E280有没有涡轮 ,0.77517);(物理题：什么是涡流？ ,0.80331004);(这个漩转效果用ps怎么做用ps怎样做这个图片上的旋转效果，也就是 ,0.85893595);(汽车的涡轮增压是什么 ,0.89731574);(齿轮油泵哪个牌子好? ,0.9255356);(电2BEX涡轮价格！如上求个比较好出的价格！ ,0.95589113);(从哪下载变速齿轮？怎样下载变速齿轮？ ,0.9998422);(我想买一台洗衣机，但不知道波轮和滚筒哪个好？谁能给我点好的意见？ ,1.0018541)",0.3204997777938843,0
45,45,合肥凤凰肿瘤医院怎么样啊？我有个亲戚是淋巴瘤的患者，听说很多人说? ,合肥凤凰肿瘤医院怎么样啊？ ,"(合肥凤凰肿瘤医院好不好？ ,0.73657686);(请问合工大微电子学怎么样呵? ,0.88937676);(请问合肥百货怎么样呀?我想去那里上班. ,0.95384157);(凤凰平台口碑怎么样？我想了解一下 ,0.95542246);(凤凰平台怎么样？ ,0.97386754);(凤凰平台怎么样?? ,0.98309106);(凤凰平台如何 ,1.0009764);(凤凰平台那样如何??可靠的推荐一个 ,1.018205);(合肥房产网站哪个好，我就看点房产信息 ,1.0561318);(请问大影印象的减肥茶效果怎么样? ,1.0696566)",-1.0,-1
46,46,神话里什么门派是法师啊？？其实我个人觉得青云相当于仙族，也是用法 ,神话里什么门派属于法师？,"(游戏里有哪些门派？ ,0.3986377);(逍遥剑游戏里有哪些门派？ ,0.42919108);(游戏中有门派吗 ,0.44547313);(门派是什么？ ,0.46528956);(西游Q记什么门派比较好看题 ,0.4866127);(法师是那个门派的啊？我想练个法师。。 ,0.52112955);(拜托各位，帮小弟我想个好听的门派名称~谢谢！哥哥们姐姐们，能帮我 ,0.5714396);(法门[成语] ,0.58089775);(入什麼門派好呢? ,0.58763593);(进入什么门派好啊? ,0.59372383)",-1.0,-1
47,47,芙蓉王烟批发价 ,芙蓉王烟批发价,"(芙蓉王烟批发价 ,6.0809826e-13);(香格里拉100土锤问个价 ,0.7169993);(打的跟坐飞机谁贵fffff ,0.71741235);(西安儿童公园门票价格 ,0.74187356);(水龙护身符的价格网一处女 ,0.7661639);(光武之晶啥价 ,0.7770558);(西安儿童公园门票价格？ ,0.78827894);(PD豹子马达什么价格了 ,0.7894017);(现在飚车世界CT什么价位了？如题！我要买CT！飚车世界的！主要是 ,0.81483394);(羽毛球馆价格 ,0.82352513)",6.080982614155295e-13,0
48,48,什么时候宝宝可以戒夜奶? ,宝宝什么时候可以戒夜奶? ,"(什么时候宝宝可以戒夜奶? ,0.009135937);(宝宝什么时候可以断夜奶？ ,0.31675953);(什么时候给宝宝断夜奶 ,0.34534436);(什么时候给宝宝断夜奶合适？ ,0.36532637);(在游戏中，什么时候才是夜晚啊？同问题 ,0.535705);(宝宝什么时候加辅食是最佳时间? ,0.57232946);(什么时间练瑜伽最好只是想问一下，练瑜伽什么时间练最好，晚上睡前可 ,0.5779744);(午夜是指什么时候? ,0.5945048);(宝宝什么时候可以补锌？ ,0.62439084);(晨练什么时候最好？ ,0.62862295)",0.009135937318205833,0
49,49,家乐浓汤宝除了煲汤，还有哪些用处啊？朋友送了这个浓汤宝，还有别的 ,家乐浓汤宝除了煲汤，还有哪些用处,"(家乐浓汤宝除了煲汤，还有哪些用处啊？朋友送了这个浓汤宝，还有别的 ,0.20061992);(体能训练的除了加强体力还有什么好处？ ,0.4263947);(沐浴露除了洗澡还有什么用 ,0.46680057);(香菜除了能做汤还能做什么? ,0.47637576);(视频聊天室除了聊天还能干什么？RT，除了视频聊天之外还有什么功能 ,0.5071125);(减肥除了运动··在饮食方面··哪些又帮助 ,0.51635534);(咖啡除了用来喝还能用来做什么 ,0.53174);(CRM系统除了做客户资料管理，还有什么比较实用的功能？ ,0.5363783);(咖啡除了做饮料外还有其他作用吗？ ,0.5993359);(精铁矿石有什么用?谢谢,请告诉我下,能熔炼么,除了熔炼还有什么用 ,0.5995124)",0.2006199210882187,0
50,50,问个关于保证书很多人都经历过的问题?懂的请指教我87的弓手称号是 ,问个关于保证书很多人都经历过的问题?,"(网站的安全证书有问题，怎么办？ ,0.91131115);(计算机证书问题MCSA、MCSE、MCDBA、MCAD、MCSD ,0.96664274);(为什么手机上微信出现该网站的安全证书存在问题 ,1.0230503);(什么样的担保书是有效的？帮忙下，。我签的那个内容是他们写的，我只 ,1.0497372);(为什么我手机储存书签就死机？最近用手机上网储存书签就死机，以前不 ,1.144101);(我国目前会展发展过程中面临的问题是什么 ,1.1652782);(如果密保卡丢了怎么办? ,1.1726303);(密保卡丢了怎么办啊？？ ,1.2063394);(怎样解决阅读困难症?我发现我自己有阅读困难的问题,以前读书的时候 ,1.2071136);(请教技能保证书的任务这个任务是很麻烦的吗,做过的说下经验.我的小 ,1.2168545)",-1.0,-1
51,51,"无言以对分手不久的女友不顾我的生硬反对,跑来看了看我,陪了我一宿 ",分手不久的女友不顾我的反对跑来看我,"(问男生：为什么一个男生一直看我，但却从不跟我说话什么的很奇怪，当 ,1.0051968);(喜欢我??我和她不认识,我在商场工作,每次我走过的时候她都会看我 ,1.0110296);(怎样才能在上QQ时在非隐身状态下而让某位好友看不到我啊?在不删除 ,1.0832877);(这是为什么呢？我班上有个男生从没和我说话，我和他碰到也是我看他， ,1.1539842);(怎样追求女生当他便面上对你不理不睬，，可是偷偷地又忍不住看你 ,1.1617155);(我现有一女友，感情还行。但最近前任女友屡次联系我，让我去看她。我? ,1.1652284);(如何进行远程电脑操作？我妹妹的电脑没有声音她要我看看她的电脑，我 ,1.1655616);(男朋友爱我吗？明知道我身材不好，还经常在我面前总盯美女，看电视看 ,1.1854984);(他总会一直注视着我每次我们见面的时候，不管我跟他说话与不说话，他 ,1.1868078);(如何隐藏首页上的最近访客,让别人看不见,只有我本人能看见不想让别 ,1.1887069)",-1.0,-1
52,52,战场打出的东西都在哪交比如勋章什么的谁能给个全部的交物品的位置告 ,战场打出的东西都在哪交,"(战场打出的东西都在哪交比如勋章什么的谁能给个全部的交物品的位置告 ,0.7614437);(在战网上练什么人物好玩啊 ,0.96412414);(怎么站位,才可以最好地发挥,战战的组合技~~ ,1.003092);(哪个战网好，最好人多一些 ,1.0256448);(先知A武器拿什么好啊 ,1.0299674);(如何战斗 ,1.0449047);(宠物在哪打的啊各色各样的宠物在哪打到的啊 ,1.0509123);(如何跟玩家交易? ,1.0599962);(怎么战斗？ ,1.0648856);(如何练好搏击，格斗？ ,1.1160978)",0.7614436745643616,0
53,53,工程资料的资料宝典中的电子狗为什么做表格时里面的内容不能从EXC ,工程资料的资料宝典,"(问几个小问题请问大家，要是要挖宝的话哪里的宝图会比较好？会挖到什 ,1.0220613);(百炼神符在那收集？？？ ,1.0409083);(寻求高中数学总复习的资料 ,1.0546912);(哪里有学习写意中国画的资料？ ,1.0661207);(谁有大学的机械制图资料 ,1.0758492);(急！急！急！请问各位“爱问”专家我在《我的收藏》里收藏的资料怎么 ,1.0902106);(那里有服装陈列方面的资料？ ,1.094067);(大学生创业计划的资料哪里有 ,1.0946814);(我的上司比较喜欢收集古玩之类的东西，过年送礼送什么好呢？ ,1.1041064);(如何找到做物业管理标书的资料我想找一些物业管理标书作为参考，不知 ,1.1078525)",-1.0,-1
54,54,急求MP3音频录音机6.0的注册码谁有MP3音频录音机6.0的注 ,谁有MP3音频录音机6.0的注册码,"(UltraAVIConverterv2.0.6汉化版在那里下载 ,0.6094986);(请问VisualC++6.0与VisualC++.NET什么关系 ,0.6415335);(关于PDF格式我已经下载了ADOBEREADER,6.0可以看到 ,0.64293295);(哪有CS1.6中文版下载？ ,0.65406096);(哪里能下载到CS1.6零点行动啊?? ,0.66106194);(6位的QQ号值多少钱？ ,0.67120165);(CS1.6客户端我用的是Esai的，WCG中用的CS1.6是哪个 ,0.684283);(0.6化分数是多少急急急 ,0.69074863);(JB/T5000.6,0.70894593);(功勋和武勋要多少才能当6品武官 ,0.71838015)",-1.0,-1
55,55,"有关显卡升级问题,高手进我的电脑是集成显卡,玩游戏时不是很理想, ",有关显卡升级问题,"(老主板怎么升级显卡我的主板是SG,0.26735726);(显卡驱动程序要怎么升级啊?? ,0.27018338);(怎样给显卡升级？详细点，我是个菜鸟呵呵 ,0.3104995);(请大师帮忙如何升级显卡和内存？谢谢配置如下：请大师帮忙如何升级显 ,0.44416478);(电脑怎样升级处理器Intelceleronprocessor主板 ,0.46471184);(怎样升级技能卡？如题~请老鸟指点！谢谢！ ,0.47229087);(请问笔记本电脑的内存怎么样升级？ ,0.48818707);(我的显卡也是集成的(VIA/S3G)在哪儿可以升级啊 ,0.502427);(呵呵,升级的问题,求帮助,0.53099585);(电脑升级是怎么个升级法呢？谢谢详解. ,0.5412276)",-1.0,-1
56,56,"一次我不小心把打印机的程序给删了,再安装程序后发现假脱机服务被停? ",程序删除互殴再安装发现假脱机服务被停? ,"(一次我不小心把打印机的程序给删了,再安装程序后发现假脱机服务被停? ,0.67192847);(请问限制网购，包括福彩吗？电话投注福彩叫停了吗？ ,0.8759123);(关于红牌请问问总统英足总杯杰拉德的红牌本轮英超会不会停赛 ,0.9915799);(毛毛群怪可以么！都说毛毛群怪时候技能经常会被怪的攻击打断，这话说 ,0.9984554);(6级剑圣在施展剑刃风暴时能不能被山丘一锤打晕，从而中断其剑刃风暴? ,1.0328854);(我咽喉部有时好像有个小片,喉咙有异物感，犯时发音变粗,咳嗽几下就? ,1.0408034);(急：网络连接详显示租约过期上不到网，因为网络连接详显示租约过期， ,1.0517884);(易出汗，运动后感觉肺气不足，舌苔有裂痕！吃辛辣食物就出汗多，运动 ,1.0650967);(桑塔纳超人进气管上的真空管单向阀有裂纹对车有什么影响？ ,1.0670278);(游戏不能进加载建筑失败程序即将退出我的号是天龙一，电信一区游戏名 ,1.0833429)",0.6719284653663635,0
57,57,办理去台湾的通行证签证小孩子可以不到场吗?” ,小孩子办理去台湾的通行证签证,"(抬拳道多大的小孩适合练习？问题同上 ,1.1117342);(杭州烂苹果乐园好玩吗？最近想带小孩去一下 ,1.1437478);(夏天吃冰棍好吗?小孩子多吃冰棍好吗? ,1.1539525);(人在厦门，有木有好玩的游乐场所？可以带小孩子去玩的那种 ,1.1564503);(孕妇可不可以吹空调?还有刚生出来的小婴儿呢? ,1.2101116);(打算带儿子去香港旅游，求推荐适合小朋友玩的景点~ ,1.2121582);(结婚后可以离婚吗离婚后小孩怎么办？ ,1.2281556);(一个屋子里住了天下一半的人，别人看见还都说小。是个什么字？ ,1.2335193);(奥林巴斯的照相机我用奥林巴斯的数码相机给宝宝照相，因为宝宝还小， ,1.2434734);(20岁人在24岁人的眼里算是小吗?不问别的,就问这个 ,1.2596823)",-1.0,-1
58,58,·玩穿越火线要耗多少网速啊?就像下载文件一样有个下载速率.. ,玩穿越火线要耗多少网速啊?,"(手机充电器耗电有多少？ ,0.93975323);(要想流畅的看网络电视至少需多少网速 ,0.9491988);(一个很菜的问题用笔记本电脑如何上网?费用是多少? ,0.96067584);(限制网速有什么好方法？总有人把网弄的很慢，有没有什么好方法限制一 ,0.966031);(电脑一小时耗电是多少？ ,0.98277557);(急急急！上网问题我现在上网十分费劲，具体如下：1.现在每次上网都 ,0.98912525);(网速慢怎么办 ,0.9943791);(电脑的网速很慢是什么原因？ ,1.0250785);(熊猫一天要消耗多YB啊如题 ,1.0299286);(我的网速太慢了谁有什么好办法 ,1.0428513)",-1.0,-1
59,59,"我刚买来的电视机为什么开起来看的时候会有小小的尖叫觉很不舒服声,? ",电视机开起来看的时候有小小的尖叫声? ,"(奔驰S320刹车异响怎么办？刹车的时候有尖叫声，怎么回事啊？ ,0.48132905);(这个问题有点难？大家都知道天王出招就有人的喊声（声效）可我不喜欢 ,0.8449058);(燃气灶在关火的时候会发出“砰”的一声鸣响，怎么回事？ ,0.8507919);(没有打开音响，使用中的电脑主机内发出尖叫，关不得机，怎么回事啊没 ,0.8909883);(如何防止“叫开水壶”的水烧开后从壶嘴流出？水烧开后开始鸣叫，随后 ,0.8913492);(鼠标移动时音箱为什么会产生噪音？鼠标移动时音箱为什么会产生嗤嗤的 ,0.89975077);(生死不离鲁珊　　巨大的汽笛声在这一刻响彻云霄,0.91014796);(神经性传导耳聋耳鸣有响声 ,0.9217337);(发动机在空挡运行时有嘶嘶的响声我得奇瑞QQ6在空挡运行时有嘶嘶的 ,0.92371875);(游戏无法启动刚刚点开游戏，等出现了那个吼着的人的界面，然后就消失 ,0.92456454)",-1.0,-1
60,60,请问是用飚车的会员号进游戏的吗？？？我冲了一张150点的点卡我进 ,请问是用飚车的会员号进游戏的吗？,"(这是落水狗？我的电脑上的是落水狗吗？ ,1.136436);(在路上看到一辆很帅的本田MPV，朋友说是艾力绅，这车外观和内饰怎? ,1.2159377);(说说新A车！！就是那驼废铁个！我看了好多人说！！那车是废铁！是真 ,1.2376951);(今天打架的时候阿泰去哪儿了？是抄家伙去了吗 ,1.241365);(现在冲点卷送积分吗？ ,1.2577494);(药店的人都懂医吗？我有一次去药店买药，售货员对我说“你这是急性百 ,1.2581413);(一进主城就卡现在怎么一进组龙城就卡的很，先我好以为是中毒了，查杀 ,1.2599815);(飚车野马多少点 ,1.2811252);(你认为谁会赢得美国大选？/会出现杜鲁门选举是的情况吗？ ,1.2913152);(有木有好看的滴动漫，要像吸血鬼骑士那样子的？？（看见速速回答，给? ,1.2956433)",-1.0,-1
61,61,男女都找情人，是不是好办法？老婆也找，老公也找，扯平，都满足，好 ,男女都找情人，是不是好办法？,"(我有事，想请大家帮忙分析我跟我男朋友现在感情很好，但我不知是不是 ,0.68496644);(男女都找情人，是不是好办法？老婆也找，老公也找，扯平，都满足，好 ,0.8165397);(情人节送什么？请问女孩送男孩子什么好？情人节快到了，是不是女孩子 ,0.83854574);(和两个男人谈恋爱？我不知道选择哪个较好，两个都各有各的优点，一个 ,0.8462321);(我好像不怎么喜欢我的男朋友，我该找个自己喜欢的，还是和男朋友再培? ,0.8521217);(怎样判断对男生是好感还是喜欢 ,0.86789274);(请求帮忙看看我们的八字合不合，跪求，多谢了！！我和男朋友的八字， ,0.89544487);(你们女人是如何判断一个男人的好坏的！·？ ,0.9152014);(我该怎么选择？怎么去看清楚这个人是不是真的合适我？我和我男朋友在 ,0.91702336);(男孩子做面膜好不好呢？ ,0.9360127)",0.8165397047996521,1
62,62,"同城,异城如何区分同城与异城,不同的县级市是同城还是异城?? ",如何区分同城与异城,"(请问异地恋是什么意思啊？ ,0.5552951);(怎么看待异地恋我俩在不同的城市 ,0.5979654);(异地买票是否可以？ ,0.61107147);(请解释异乡这个词的意思 ,0.6349017);(异性朋友和情人有没有区别?区别是什么? ,0.6571807);(异口同声的近义词是什么 ,0.6739436);(什么是异次元？ ,0.6877116);(什么是异次元？ ,0.6877116);(银行卡异地消费是如何计费的? ,0.69022125);(怎样区分同源染色体？ ,0.701049)",-1.0,-1
63,63,清泉大师，600736今天是否可介入？谢谢刚才写错了，不好意思。 ,清泉大师，600736今天是否可介入？,"(请问东方通信600776是否能介入？ ,0.37349117);(清泉大师，600736今天是否可介入？谢谢刚才写错了，不好意思。 ,0.43581995);(600676交运股份现在是否可介入? ,0.5026557);(请问清泉老师,600371今天是否可以介入?谢谢! ,0.5328018);(请问清泉老师600662今天下午能否介入 ,0.5849116);(请问清泉老师,600309与600547是否可介入 ,0.5921368);(清泉老师,请问000046现在可否介入? ,0.6044432);(清泉老师:600877今天可以介入吗?如题 ,0.62151307);(清泉老师好，请问600061现在能否介入？谢谢您 ,0.6259091);(清泉老师000690今天可否介入? ,0.64251256)",0.43581995368003845,1
64,64,重庆早孕检查哪家医院比较好呢？有哪些方法？ ,重庆早孕检查哪家医院比较好呢？,"(重庆早孕检查哪家医院比较好呢？有哪些方法？ ,0.03487795);(重庆做孕前检查哪家医院好呢?谁知道呢？ ,0.2919246);(重庆幼儿英语学习哪里好 ,0.4545652);(请问重庆那里做双眼皮手术比较好呢？ ,0.48173925);(重庆幼儿英语启蒙去哪里 ,0.4972957);(重庆哪家理发店做头型比较好? ,0.5053639);(重庆幼儿英语学习哪家好? ,0.50829685);(重庆布料批发市场在哪 ,0.5084699);(重庆妇科疾病的治疗方法有哪些？ ,0.5111675);(重庆哪儿可以治疗子宫内膜炎？ ,0.51245207)",0.034877948462963104,0
65,65,迅雷的“FTP探测器”有什么用啊？啊？ ,迅雷的“FTP探测器”有什么用？,"(迅雷的“FTP探测器”有什么用啊？啊？ ,0.025148964);(红外激光传感器有什么用？ ,0.34659067);(激光（镭射）雕刻有什么用？ ,0.3728488);(魔兽中敏捷、力量、智力这些属性都有什么用？ ,0.38307914);(卡丁车里那些L1，L2有什么用啊？ ,0.39027515);(舆情监测产品有什么用，能干什么？ ,0.4085668);(剑灵名人妖魔武器有什么用 ,0.41999075);(圆珠笔上的小钢珠有什么用？ ,0.4273648);(迅雷积分有什么用啊？ ,0.42769668);(我有火焰之魂,可火焰之魂有什么用啊? ,0.42988777)",0.025148963555693626,0
66,66,合区后角色名可以换吗合区后主号跟英雄的名字都可以申请更换吗??? ,合区后主号跟英雄的名字都可以申请更换吗?,"(合区后角色名可以换吗合区后主号跟英雄的名字都可以申请更换吗??? ,0.96393526);(北斗星排气管生锈了怎么办？排气管怎么会生锈的啊？需要换吗？ ,1.0841303);(建造师考试一级建造师能更换专业吗 ,1.1090044);(已拿出生证明的新生儿能重新改名字吗?具体怎么改? ,1.119867);(AMD速龙IIn330cup是64位操作系统吗？可以更换CPU吗? ,1.1397623);(请问我考了会计基础和初级电算化，可以换会计证了吗？我现在考了基础 ,1.1454047);(开一家服装店,如果顾客拿着自己弄破的衣服要求更换怎么办?开了一家 ,1.1622599);(自己申请博客时邮箱密码忘了能否再换个邮箱啊?现在我的邮箱密码忘了 ,1.1815652);(装好开发票的打印机后用白纸试一下，那个票的号码就换下个号了那我用 ,1.1842643);(骏捷的刹车皮要跑多少公里更换呢？ ,1.1944441)",0.9639352560043335,0
67,67,注册给排水工程师考试现在环境工程专业能否报考注册给排水工程师？基 ,现在环境工程专业能否报考注册给排水工程师？,"(2岁孩子能吃泻立停吗孩子拉大便太稀但是到医院化验说没有菌和脓吃了 ,1.1542095);(整体浴房的优缺点我装浴房，但不知道浴房的下水管是否容易堵，浴房的 ,1.1752472);(电线管敷设电线管可以敷设在没有风管的风道内吗？控制电动阀的 ,1.1843268);(双桶洗衣机洗衣桶和脱水桶都不排水了！！！！怎么办？ ,1.1850117);(请问,有线宽带2M看网络电影电视流畅吗?请问,用笔记本电脑上有线 ,1.2315847);(小明为了要知道一个铁球的体积，他把这个铁球浸没在长方体水槽的水中? ,1.245328);(隔音棉与聚苯乙烯保温板哪个隔音效果更好我家正在装修，在内墙墙体隔 ,1.2528038);(3岁半宝宝对冷空气过敏怎么治疗?户外，天凉后清鼻涕流不停。 ,1.2542889);(富勒姆不胜了尤文不放水的话，尤文不败！！ ,1.260735);(有关公务员报考专业问题我本科学的是水工专业，现在是防灾减灾专业。 ,1.2638341)",-1.0,-1
68,68,有哪位高人知道《红楼梦》中的人物之间的关系？ ,《红楼梦》中的人物之间的关系？ ,"(有哪位高人知道《红楼梦》中的人物之间的关系？ ,0.18235113);(结构力学和工程力学的关系结构力学和工程力学之间是什么样的关系?我 ,0.80804676);(社会组织与政党组织的关系是什么 ,0.94905114);(西游天下和西游记有什么关系啊？ ,0.9659682);(会计法律制度和会计法的关系是什么 ,0.9696574);(汉字与汉语的密切关系表现在哪里 ,0.98706925);(说明矿产资源和矿产品之间的关系 ,1.0109257);(新风换气机和新风系统是怎样的关系？ ,1.0449386);(请帮我谈谈人格培养和能力培养的关系 ,1.048337);(所从事的行业和所学的专业是什么样的关系？ ,1.0684749)",0.18235112726688385,0
69,69,我想知道为什么跑车的轮胎很宽很薄，轮毂也比较大，比如奥迪TT。轮? ,为什么跑车的轮胎很宽很薄，轮毂也比较大,"(我想知道为什么跑车的轮胎很宽很薄，轮毂也比较大，比如奥迪TT。轮? ,0.56746227);(AcerS7那么薄，散热怎么样？AcerS7散热 ,0.60781044);(皮肤有多薄？薄到什么程度？ ,0.6834472);(三星LED有多薄？？ ,0.6904885);(小米2和小米3哪个薄 ,0.73755014);(子宫内膜太薄该怎么办啊 ,0.73993355);(小米手机的电话薄是在哪个文件夹 ,0.7962169);(纯棉超薄的卫生巾哪个牌子好？ ,0.81976223);(特别薄的卫生巾是哪种呢？ ,0.85550624);(什么情况下子宫内膜会变薄?子宫内膜薄的原因？ ,0.86410636)",0.5674622654914856,0
70,70,我家宝宝四个多月了，有时会恶心，不知是怎么回事 ,宝宝四个多月了，有时会恶心，为什么,"(我家宝宝四个多月了，有时会恶心，不知是怎么回事 ,0.18833813);(恶心（四字常言） ,0.5873401);(最近有点恶心怎么回事 ,0.7052748);(孩子腹泻怎么办？宝宝现在四个多月，腹泻了，是什么原因？怎么办呢？ ,0.9092822);(怎么回事啊我妹妹HY四个月多点,昨天突然感觉肚子难受,想拉臭臭, ,0.979832);(人为什么会表现出善和恶两种性格? ,1.0260514);(我的宝宝已经四个月了,每天拉肚子4,1.0482571);(四害是什么？ ,1.0621986);(怀孕时恶心怎么办？妈妈们在怀孕时，不可避免的会出现恶心症状，轻则 ,1.0701705);(急！！！！我家宝宝四个月，我是刨腹产，最近我发现我有黑色的像血一 ,1.0923426)",0.18833813071250916,0
71,71,看一下有没有脱发秘方?脱发用过好多产品就是效果不好，不知道谁有秘 ,看一下有没有脱发秘方？,"(谁有治疗脱发的妙招急急急拜谢 ,0.4168362);(朋友们有谁知道治疗脱发的最好方法请告诉我，谢了 ,0.46330163);(有没有治脱发的好方法啊？ ,0.47399932);(到底有什么办法可以治疗脱发的啊、 ,0.5182356);(怎样才能治疗脱发 ,0.5188866);(请问友友《脱发》如何治疗好？谢谢… ,0.5337957);(如何治脱发？ ,0.5344357);(头发问题请问用什么方法能解决脱发问题，谢谢 ,0.5555568);(脱发怎么办? ,0.5685935);(谁有治掉头发的秘方啊。。 ,0.61900264)",-1.0,-1
72,72,请问大家上海建工机施公司新进员工的待遇怎么样啊？我是上海的机械专 ,上海建工机施公司新进员工的待遇怎么样？,"(请问大家上海建工机施公司新进员工的待遇怎么样啊？我是上海的机械专 ,0.41861978);(大学毕业去当个游戏程序员待遇怎么样？有发展前景吗我是学计算机的， ,0.9303326);(中山竹蜻蜓智能科技有限公司怎么样？工作环境和薪资待遇 ,0.99080956);(学暖通的大专应届毕业生待遇咋样啊？ ,1.0195965);(在一汽海马汽车公司搞汽车研发待遇怎么样啊?我是应届大学毕业生，想 ,1.0263551);(湖北生物技术职业学院教师待遇如何？发展前景如何？我想知道。谢谢。 ,1.0687075);(从技术研发转行到专利代理人的职业前景如何？ ,1.1070241);(网络技术应用高级工程师就业前景怎么样？ ,1.186009);(请问谁知道广东发展银行信用卡部做信审员的待遇怎样吗？本人读市场营? ,1.186707);(学做橱柜？我想学做橱柜。橱柜的市场前景怎么样？有这方面的人士吗？ ,1.188932)",0.4186197817325592,0
73,73,为什么我的音乐播放器和日历不显示？？？好象３天了，我的博客音乐播 ,为什么我的音乐播放器和日历不显示？,"(我的博客上怎么没日历？我是菜鸟谢了 ,0.55410075);(博客的计数器怎么不显示数据了？请问为什么？ ,0.62851685);(今天提问时间为何不显示？ ,0.7296931);(请问我电脑怎么不显示图片呀? ,0.73837525);(请问我的手机怎么不显示图片请问我的手机为什么现在不能显示图片,以 ,0.74570024);(为什么电脑开机了屏幕不显示 ,0.746046);(为什么我每周领取了金圆，没有显示为什么我每周领取了金圆，背包里没 ,0.7490799);(为什么我的发言不能在""上海不夜天""里显示? ,0.750053);(求助怎么电话卡上的手机号码不能显示在手机上？急急急 ,0.75088495);(硬盘连接电脑不显示 ,0.75967234)",-1.0,-1
74,74,"妈妈晚上和我睡,看不了小说怎麽/?急 ","妈妈晚上和我睡,看不了小说怎麽","(妈妈晚上和我睡,看不了小说怎麽/?急 ,0.037673917);(去掉木床架，两人睡不下。打一字 ,0.5755279);(妈妈感冒,能和孩子一起睡么? ,0.58038676);(急！儿子8岁了，不敢自己睡，请帮帮我！！儿子出生后就一直和我们睡 ,0.6390166);(一男一女在一个屋子里睡,会发生什么事情! ,0.7506432);(孩子9岁了，还想要大人陪着睡，怎么办？孩子9岁了，还想要大人陪着 ,0.75091934);(女儿三年级了，可是还是不愿意一个人睡觉，大家有什么好的方法吗？谢? ,0.7689058);(自己的老婆和别的男人睡觉怎么办 ,0.77487093);(两个胖子睡一头打一城市名 ,0.84084016);(我想妈妈睡不着怎么办我今年十岁,每天晚都想和妈妈睡,妈妈总是有事 ,0.8456151)",0.037673916667699814,0
75,75,中医说我肝火旺盛，可是喝了药也不管用呢喝中药快一个月了，怎么老是 ,肝火旺盛怎么办,"(肝火旺该怎么办？ ,0.06393899);(肝火太旺怎么办，平常饮食应该注意什么？最好给个饮食谱 ,0.39649108);(冬季肝火旺盛怎么办？ ,0.48225918);(有没有治疗肝火的好方法？ ,0.5030356);(肝火旺盛请问怎么样降肝火呢？ ,0.536571);(肝火过旺？肝火过旺怎么办 ,0.5527437);(心火太旺怎么办 ,0.5758439);(心火旺咋办 ,0.6887226);(医生说我肝火比较旺，我平时要注意什么吗？ ,0.7130376);(有了心火怎么办？ ,0.7668997)",-1.0,-1
76,76,求函数y=x+√(1,求解函数y=x+√(1,"(求函数y=x+√(1,0.059701476);(求函数y＝f(x,0.3387967);(数学求解如何求函数y=x^3,0.38108718);(详解y=(x,0.3974715);(求函数y=x^2(1,0.4139084);(y=x^2(1,0.4372283);(函数y=x平方,0.44020593);(若二次函数y=（x,0.4556535);(数学求曲线y=√(3x,0.4560683);(已知x+y=,0.46356046)",0.059701476246118546,0
77,77,法师的修真任务“开辟通路”为什么不能做？我30级法师接了“开辟通 ,法师的修真任务“开辟通路”为什么不能做？ ,"(为什么43级的第2骑士任务不能做在做43级的第2骑士任务的时候， ,0.8325838);(知识人积分?知识人积分可以做什么啊`??我感觉我的积分用不玩`` ,0.9128955);(男朋友答应我的事情没有办到! ,0.9406554);(为什么贡献度满了还做不到任务啊我和师傅的贡献度满了为什么我还做不 ,0.9561182);(天机老人.弟子的任务都怎么做?他们要的东西都在哪儿?找不到啊 ,0.96365774);(猜一歌曲名太监最想做而做不到的事是什么？ ,0.97295004);(己欲立而立人，己欲达而达人，己所不欲，勿施于人为什么现在的人都做 ,0.97653043);(为了练好跳投,突破,运球,从日常生活上需做什么?在饮食,生活习惯 ,0.9807326);(迷茫的大一生走在大一的尾巴，我感到很迷茫，不知道可以做些什么，每 ,0.984548);(自己擅长的事情也不知道自己擅长干什么，想多做一些这样的事，也可以 ,0.98918134)",-1.0,-1
78,78,成都美式家具都有什么品牌，比较知名的实木的，古典的，或者田园的都 ,成都美式家具有什么品牌,"(成都买衣服比较好的地方有哪些？ ,0.34422487);(成都装修公司哪家好？ ,0.3707636);(成都哪儿的橱柜好啊？家具~~ ,0.40101668);(成都,0.44194144);(成都租车自驾旅游那好 ,0.45656234);(成都办张健身卡多少钱可以哦？ ,0.4675069);(成都的邮政编码是好多 ,0.47293624);(成都欧尚超市在哪里? ,0.47301695);(到成都，一定要尝的美食有哪些？ ,0.4832652);(成都租房子啊 ,0.4973018)",-1.0,-1
79,79,08年卡宴S黑色20000公里高配欲卖应该开价多少？开价100万? ,08年卡宴S黑色20000公里高配应该开价多少？,"(08年卡宴S黑色20000公里高配欲卖应该开价多少？开价100万? ,1.0799133);(初三数学题某建筑物地基是一个边长为30米的正六边形，要环绕地基开 ,1.1108098);(极品外普大风刀问价外普46点1暗，毒防13％2暗，命中155的大 ,1.1137297);(外国的学术期刊收取中国人巨额的版面费吗？中国很多学术期刊收取巨量 ,1.1154308);(敏改估价～有分4D掉1攻1防2魔的敏改，31级能卖多少钱？有练高 ,1.1219158);(求一部外国僵尸类电影名称07年或者是08年看过一部电影影片开头的 ,1.1239136);(比赛正式结束结果如下拜仁慕尼黑4:0維也納迅速祖?達斯1:0布? ,1.1420951);(传奇世界25级法师去哪练级最快？收费地图去哪最快？每小时多少经验 ,1.1468465);(好题齐分享有甲、乙两杯含盐率不同的盐水，甲杯盐水重120千克，乙 ,1.1476152);(一区金牛改僵估价改僵4D，40级，+敏，1防3魔网一金牛可卖多钱 ,1.1506941)",1.0799132585525513,0
80,80,新任务问题NPC位置于里谢里亚堡磨石贩卖的先生隔壁站着三位NPC ,位于里谢里亚堡磨石贩卖的先生隔壁站着三位NPC ,"(新任务问题NPC位置于里谢里亚堡磨石贩卖的先生隔壁站着三位NPC ,0.24272011);(假如给你一个美丽富饶，与世隔绝的荒岛，只允许你带三个东西，你会带? ,0.8263359);(狼宝宝任务卡死。每次拿到名单然后找名单上的三个人。。。每次拿到名 ,0.8432831);(考考你的人品！在一个风雨交加的夜晚，你独自开着车，突然遇到三个人 ,0.8506646);(长江大学石油工程专业录取三本吗?我是今年准备参加高考的高三学生, ,0.88787967);(请高手帮我区分我的笔记本电脑中的网络适配器(即网卡)有三个,分别 ,0.8957656);(求一部欧美动画电视剧名字！在翡翠台和明珠台都有播过，有三个女人当 ,0.91681397);(我曾看到这样一则小故事：隆冬来临之前，在深秋的田埂上，有三只小田? ,0.9205908);(多采的野果怎么办？？在天音祭祀的任务里，要到无字壁附近采三个野果 ,0.92594624);(追其他班上的女生在一次偶然的机会我从朋友手机上面随便弄了三个号码 ,0.92639846)",0.2427201122045517,0
81,81,英语四级在社会上好考吗 ,社会上英语四级好考吗 ,"(英语四级在社会上好考吗 ,0.08869667);(英语四级好过吗 ,0.43027833);(考试四级好过不？ ,0.47184584);(大学英语四级过不了怎么办呀 ,0.47647923);(第四套人民币的收藏价值怎么样 ,0.48381257);(冰河世纪4好看吗？ ,0.48444113);(四级的词汇量好大 ,0.5341479);(澳门四季酒店评价怎么样？ ,0.5368707);(第四军医大学如何？好不好考？ ,0.54886454);(英语四级老是不得过怎么办啊 ,0.55036324)",0.0886966735124588,0
82,82,行行出状元（体育名词一）不答：全能冠军，另答。 ,行行出状元（体育名词一） ,"(怎么理解""三百六十行,行行出状元"" ,0.5427075);(什么叫状元？全国哪来这么多状元？ ,0.8490341);(有关NBA选秀在NBA所有参加选秀的选手中，是如果确定状元、榜眼 ,1.0952691);(状元相当现在什么职位古代的状元相当于现代什么职位 ,1.1325073);(为什么网络被限制？连接状态显示：此连接被限制 ,1.2054754);(高考状元笔记有人买吗？ ,1.2224121);(关于ＮＢＡ选秀问题是怎么选法，状元能干什么，选出来是不是就可以打 ,1.26613);(000795是等着重组吗？这支股怎么这样呢。 ,1.2781141);(我在“爱问iAsk”看到的，路过的表个态。今天是第一次来“爱问i ,1.311107);(哪里看百杰榜名单有没有百杰榜名单看的 ,1.3211415)",-1.0,-1
83,83,一道英语选择题~,一道英语选择题,"(一道英语选择题,6.508161e-13);(一道英语选择题,6.508161e-13);(一道英语选择题,6.508161e-13);(一道英语选择题~,0.009091338);(一道英语选择题Theinternationalsituation ,0.013867068);(一道英语选择题Alicereturnedfromthemanag ,0.013867068);(一道英语选择题Meetingmyuncleafterallthe ,0.013867068);(一道英语选择题Howpleasedthelittlegirlwa ,0.013867068);(一道英语选择题Davidlikescountrylifeandh ,0.013867068);(一道英语选择题。Ineedonemovestampbeforem ,0.030701159)",0.009091338142752647,3
84,84,关于吵架为什么人吵架的时候，都认为自己是对的？ ,为什么人吵架的时候都认为自己是对的？ ,"(关于吵架为什么人吵架的时候，都认为自己是对的？ ,0.09196134);(为什么人会有感情？人有感情是对是错？ ,0.8527437);(为什么我在申请帐号的时候验证码为什么打对了还是错的啊kuai ,0.8685009);(俩人处对象发生矛盾都觉得自己是对的，怎么办各说各的理，所以总也说 ,0.88653916);(登陆不了！为什么我在官方网里登陆密码是对的！但在游戏里登陆密码是 ,0.9083548);(怎样才能站在对方的立场看问题？ ,0.9210375);(图形推理这两个题答案是？？？？大家怎么认为 ,0.92174536);(关于电势能和电势差的问题谁能解释一下，为什么这句话是对的：任意两 ,0.9427327);(据说哭、笑都有益健康，到底那一个对呢，为什么？ ,0.9474028);(“终身受用”和“终生受用”那个对？哪个正确？有何区别？ ,0.9537088)",0.0919613391160965,0
85,85,麦克风哪有得买？我想买一个可以带在耳朵上的小型麦克风，请问一般的 ,麦克风哪里能买？,"(风管机室内机在哪里买 ,0.85860497);(请问哪里可以买到打气筒！自行车用！ ,0.9614488);(电动摇摇车到那里能买? ,0.96245396);(肯德基的玩具那有卖的 ,0.9660825);(烈风商店有得买?那里啊? ,0.96668786);(去哪能买能录音的公仔啊 ,0.9704208);(谁知道哪里有卖这种磁带的？ ,0.979646);(在哪可以购买哈利波特1,0.9901108);(哪里可以买到周杰伦的所有专辑？磁带 ,0.9949488);(谁知道这副耳环哪里有卖？ ,1.0098848)",-1.0,-1
86,86,女生可以抽烟吗？我有个朋友（是个女生）经常抽烟，而且抽的很凶，特 ,女生可以抽烟吗？,"(抽烟会怀孕吗 ,0.7321901);(现在有哪些女明星在抽烟？ ,0.757771);(女孩子能炒股吗？ ,0.82346016);(女人抽什么牌子的香烟比较好呢? ,0.859842);(女生适合做软件开发吗？ ,0.87405);(烟台女人漂亮吗？ ,0.9550332);(女生在例假期间可以喝红茶吗 ,0.9567322);(范冰冰抽烟吗？ ,0.96427035);(夏天了，你们还买唇膏吗？夏天了，女生们，你们还买唇膏吗？还用唇膏 ,0.96560585);(听说有种迷你雪茄，是什么样的？女生可以抽吗？ ,0.99992067)",-1.0,-1
87,87,孩子刚满月丈夫提出离婚，我该怎么办， ,孩子刚满月丈夫提出离婚怎么办,"(孩子刚满月丈夫提出离婚，我该怎么办， ,0.113718726);(奶奶去世后多久，孙女可以结婚？奶奶去世了，作为孙女辈儿的，应该多 ,1.0063543);(夫妻分居两年以上是如何办理离婚？如果夫妻因工作关系分居两年以上， ,1.0178655);(老公得在婚前得了肝硬化,我可以离婚吗我老公得了肝硬化,我们结婚是 ,1.0394763);(GM回答速度点有三生石以后怎么结婚 ,1.042058);(一个明知这个男人刚刚离婚，又有情人，却在认识一个月内结婚，这会是? ,1.0542294);(家里逼和相亲不久（不够了解）的人结婚该怎么办？我的一个男同学，人 ,1.0681564);(爱上一个已婚的男人，我该怎么办？我们在一个公司上班，他老婆出国工 ,1.0740118);(中国公民如何办理境外结婚手续我和我的女朋友都是中国永久居民。我们 ,1.0866235);(行伤官大运时一定会离婚吗？ ,1.0909809)",0.11371872574090958,0
88,88,为什么文明3游戏世界在xp下老是报字型读取错误？根本就进不了游戏 ,为什么文明3游戏世界在xp下报字型读取错误？,"(我的电脑的系统可能有问题我的电脑安装的是xp系统,有个咔吧斯基的 ,0.7677648);(本人xpsp2512MB内存用VMware装xp出现问题在虚拟机 ,0.8341398);(win7下双硬盘双系统如何配置就是想再装多一个xp的作为备用，主 ,1.0445589);(跟windowsxpmediacenter一个样式的xp是哪个版? ,1.0783247);(联想笔记本原来装的vista系统现在为什么装不成xp系统我的联想 ,1.1077529);(viata操作系统如何改成xp操作系统？viata操作系统如何改 ,1.1102332);(不能进安全模式的系统一般会是什么问题？(不能进正常模式,xp)，? ,1.1275975);(病毒杀不了怎么办啊？新装了的xp系统，可是我刚一安装完补丁后，用 ,1.1366866);(如何从家里控制公司的电脑？家里一xp用adsl上网，公司一xp通 ,1.1441839);(重装xp的问题我现在使用的是xp，但是出了一点故障，想要重装。现 ,1.148799)",-1.0,-1
89,89,看看吧！这就是足球！！！今晚球队不设防！晕死！几轮的进球在一轮全 ,今晚球队不设防,"(当面不说话。（学校用语一） ,0.651479);(10月1日哪些单位不放假 ,0.6989902);(冬天不戴帽子,0.70917296);(按时睡觉不做夜猫子 ,0.721076);(为什么医院晚上不打青霉素 ,0.7293316);(谜语::不露脸(食物) ,0.73413885);(瑞星防火墙怎么不起作用啊 ,0.73484856);(不睡午觉有利减肥吗？ ,0.73864496);(打击假货不留情 ,0.74362314);(牛人，你怎么不做每日大盘分析了。 ,0.74727833)",-1.0,-1
90,90,怎么捉宠啊 ,怎么捉宠 ,"(怎么捉宠啊 ,0.01027625);(怎么抓宠 ,0.19114785);(抓宠技巧怎么样才能抓到好宠，哪位高手肯交流下心得 ,0.41879144);(小D刚玩，请问高手怎么抓宠？急！急！急！ ,0.4437106);(怎么抓宠物啊. ,0.4948995);(问道哪捉TJ宠？有什么好的宠？ ,0.5987538);(怎么捉TJ啊 ,0.6082617);(抓宠问题高手帮帮忙 ,0.620857);(神兽怎样捉 ,0.6382187);(“捉趸”是什么意思 ,0.67751783)",0.0102762496098876,0
91,91,我是大众卡用户，申请了DHC的试用装，但没收到，是大众卡用户不行? ,大众卡用户申请DHC的试用装,"(免费索取DHC试用装的网址是多少? ,1.0268725);(大地行者的问题请问大地行者穿什么A装好呀? ,1.0729713);(想入手RAV4，最近一汽丰田有关RAV4的试驾活动吗？ ,1.0983049);(请教各位，咒术诗人用什么B装最好啊？？？ ,1.1109031);(请问各位大地行者用什么A装最好用什么武器好（主要指的A级） ,1.1510738);(21CN企业邮箱还能免费试用吗？ ,1.1786788);(佣兵穿什么A装好？用什么武器好？佣兵在PK打怪应该怎么办呢？多谢 ,1.2108232);(一个ID到底能装多少CT..我问问大家..交易就只能CT吗!!!? ,1.2122365);(英雄联盟!AP风暴之怒出装 ,1.2505894);(MM服=全女角色?如上问.. ,1.2515281)",-1.0,-1
92,92,我本是男生，请问如何促进胸肌发达？我很想要有丰满的胸乳肌肉。谢谢 ,男生如何促进胸肌发达？,"(怎么能快速的增大胸肌? ,0.3751488);(我本是男生，请问如何促进胸肌发达？我很想要有丰满的胸乳肌肉。谢谢 ,0.5373618);(请问一下，怎么可以尽快的把胸肌和练起来？我搬家了，离健身房好远， ,0.6172317);(怎样简单、快速地练出胸肌? ,0.6245932);(请问用哑铃怎样练习可以锻炼到胸肌？ ,0.6678797);(青少年怎样锻炼胸腹肌？ ,0.69534427);(怎样使大腿肌肉发达？ ,0.70254624);(胸肌怎么练好看？ ,0.7039793);(谁知道怎样最快增加胸肌？我想让我的胸肌大点，但天天拉拉簧好像不见 ,0.70939344);(胸肌和手臂肌肉最好怎么锻炼 ,0.72269285)",0.5373618006706238,1
93,93,什么是发展中国特色社会主义的基本要求？ ,发展中国特色社会主义的基本要求,"(什么是发展中国特色社会主义的基本要求？ ,0.801267);(论文代写代发要求基本上有什么要求的？ ,0.84626627);(多选会计法对生成和提供会计资料所作的基本要求是任何单位和个人（） ,0.93065655);(多选会计法对生成和提供会计资料所作的基本要求是任何单位和个人（） ,0.93065655);(想进时尚杂志社，报社之类的媒体工作有什么要求呢？我看的杂志多了， ,0.98333186);(新手上路,大家多多关照,做为一个工业会计的基本要求 ,0.99733704);(应聘星级酒店酒吧服务员的要求？ ,1.066411);(政经什么是社会化大生产?它要求经济上要怎么样?为什么资本主义经济 ,1.1248122);(3个黑水组合后装备的要求是什么？ ,1.1330105);(吊具与索具安全作业的基本要求有哪些？ ,1.147367)",0.8012670278549194,0
94,94,好看的耽美电影有哪些 ,有哪些好看的耽美电影,"(好看的耽美电影有哪些 ,0.013334043);(寻好看滴耽美文 ,0.28738147);(耽美文打包下载 ,0.42828172);(谁有耽美文大合集最好什么类型的都有~~~~ ,0.4361905);(这是哪部耽美的作品啊 ,0.45718515);(想要耽美的东西 ,0.52662647);(求好看的重生文耽美的== ,0.54200923);(要怎么样才能在手机上看耽美GV完整版的 ,0.5544635);(耽美动漫小说都可以 ,0.5575609);(要看的耽美小说最近迷上耽美小说啦，求好看的耽美小说！ ,0.56183577)",0.013334043323993683,0
95,95,哪里有卖酒心糖的？现在这个季节可能都没有卖酒心糖的了，我去了好几 ,哪里有卖酒心糖的？,"(哪里有卖麦芽糖的？ ,0.37866366);(北京哪里有卖糖桂花啊？ ,0.49089643);(哪里有这种糖卖[钟][钟] ,0.49751648);(打铁卖糖,0.5932081);(求助请问哪里有糖炒板栗啊！现在急要 ,0.6772836);(求问谁知道哪有水果批发市场，我要再酿酒 ,0.67856956);(请问糖桂花是什么?能买到吗？ ,0.6819289);(到哪里买酿酒的酒曲 ,0.68711114);(什么叫太妃糖？ ,0.7441654);(春夏季节适宜喝哪些糖水呢? ,0.7447248)",-1.0,-1
96,96,政治面貌和预备党员用英文怎么说？ ,政治面貌和预备党员用英文怎么说呢？ ,"(政治面貌和预备党员用英文怎么说？ ,0.0054382775);(中央民族大学的预科班学生报哪个专业比较好 ,0.8922231);(graduatestudy是指中国的什么教育阶段啊？预科用英语怎? ,1.0012071);(请问，有要求中共党员的预备党员可以吗？ ,1.022892);(成为入党发展对象之后，怎样才能成为预备党员？成为入党发展对象，期 ,1.0266647);(去温州一个人旅行，需要提前准备些啥预备工作呢？我好担心到那边迷路? ,1.0508311);(预备党员的政治面貌填什么我是北科大新生 ,1.1032715);(大学毕业后想当军官请问如何才能当？大学毕业后还能报预备军官吗？如 ,1.1227787);(报考清华大学的历史系要做哪些准备 ,1.1458358);(政审是针对入党积极分子还是预备党员的？如题 ,1.1469089)",0.005438277497887611,0
97,97,【灯谜】（歇后语一）东山跑过驴，西山打过虎 ,东山跑过驴，西山打过虎 ,"(【灯谜】（歇后语一）东山跑过驴，西山打过虎 ,0.88887525);(Warcraft111魔兽问题我玩兽族，不知道有没有比较厉害的战 ,1.1415635);(带护身的法师一定无敌吗我想知道有谁和带护身的法师打过,真的是带上 ,1.2337745);(练个4世男仙怎么样？抗怎么样4世法满转的男仙 ,1.2349156);(这些年，美国都是打了哪些国家，哪国进行了还击？ ,1.2630788);(有个龙珠Z3的大问提我现在打倒了赛亚人王（那个大个子），但是我还 ,1.2666324);(王致志回来的话你们说中国对能更强吗 ,1.2678407);(阵容问题.!高手指教.!谢谢.以家就差个龙门接.就可以组建一支西 ,1.2717208);(为什么他大闹天宫时无敌，而取经时次次搬救兵？ ,1.2757672);(UD怎么破NE的无敌组合?NE英雄:DH+NA+PD,角鹰+QM ,1.2784534)",0.8888752460479736,0
98,98,请问鬼王的四灵潘是不是转到三重就会有了还是要去买啊 ,请问鬼王的四灵潘转到三重后需要购买吗,"(我要当斗地主游戏中的超级房主在哪购买超级房主 ,0.88723624);(单场比赛竞猜的问题500W的单场让球胜平负怎么购买？要我填写什么 ,0.89575964);(记帐式国债或者企业债券这些是什么意思？如何购买呢？ ,0.9547543);(请问C顶双刀双武士,双袭击，双灵魂各是多少钱？1200W能不能买? ,0.97842336);(核销单领用是否用完核销单才能购买啊？ ,0.98507744);(仙剑ol豪华版购买仙剑ol豪华版要通过什么方式购买 ,1.0016644);(游乐场里的技能包厢啊....技能槽啊这些哪可以买..是游乐场里的? ,1.0097464);(关于易方达平稳请问各位大师，易方达平稳基金如何？在分红后购买一些 ,1.0222028);(重复下`帐号锁定无法登陆我昨天晚上才登陆了帐号`今天看到我出售的 ,1.0270842);(5173疑惑问题我挂5173的东西今天上午发来消息说已有玩家买， ,1.0318328)",-1.0,-1
99,99,"为什么只有网通的进不去呀??系统总是说更新失败请重新启动呀,郁闷 ",为什么只有网通的进不去呀?系统更新失败,"(为什么网通服务器进不去啊? ,0.47304955);(为什么网通的服务器进不去 ,0.4978919);(网通的怎么进不去了~有进去的说下~ ,0.5056486);(我是网通的用户为什么我进不了游戏啊 ,0.52330345);(网通现在还能进吗,我怎么进不去了啊RT ,0.554956);(为什么西南政法大学招生网进不去 ,0.57125384);(为什么进不去道具网通 ,0.5780034);(电脑网页问题电脑网页为什么会进不去 ,0.58481956);(为什么只有网通的进不去呀??系统总是说更新失败请重新启动呀,郁闷 ,0.5952717);(为什么局域网进不去我在公司上得网，我们集团公司是用的局域网，为什 ,0.5999427)",0.5952717065811157,8
